text_a,text_b,label_real,prediccio,similitud
"[Approximation bound for  CNN] 		With the same settings as in Theorem \ref{Th:my_bound_extend_new} 		and for a purely convolutional network without biases, where each layer applies \( c_l \) filters of size \( p_l \times p_l \), we have: 		 		  			 				&\sup_{x \in \Omega}\| R_{\theta}(x) - R_{\theta'}(x) \|_{\infty} \\ 				&\leq D \times \sum_{l=1}^{L} p_{l}^2 c_{l-1} \times r_{conv}^{L-1} \|\theta - \theta'\|_\infty 			 		 		where we define 		 			r_{conv} := \sqrt[L-1]{\max_{l=1, \dots, L}\prod\limits_{\substack{k=1 \\ k \neq l}}^{L} r^{\text{conv}}_k} 		 		 		with $r^{conv}_k$  a bound on the norm of the convolutional matrix of layer $k$ without bias (i.e. $r^{conv}_k \geq  \|\mathcal{H}_k\|_{op,\infty}$).",The second moment of this activation is:   \mathbb{E}[F(x)^2] = a_0^2 +  \frac{1}{2}\sum_{k=1}^{n} \left( a_k^2 + b_k^2 \right)       The proof relies on the orthonormality property \ref{property:fourier_ortho} and is detailed in Appendix \ref{appendix:fourier}.,0.0,1,0.6369878053665161
"[Sequential composition of maps] Let $\Phi:Q_1\to R_1Q_2S_1, \Psi:Q_2\to R_2S_2$ be two CP maps and write $R^2:=R_1R_2$, $S^2:=S_1S_2$, then for any $1\leq q,r,s\leq\infty$      \|\Psi\circ\Phi\|_{cb,(Q_1:q)\to(R^2:r,S^2:s)} &\leq \|\Psi\|^{+}_{cb,(Q_2:q)\to(R_2:r,S_2:s)} \cdot \|\Phi\|^{+}_{cb,(Q_1:q)\to(R_1:r,Q_2:q,S_1:s)}.","Consider a sequence $\{T_i\}_{i > 0}$ of operators of the form $T_i(\theta) = \theta + h V_i(\theta)$, where $V_i(\theta)$ is a vector field on the parameter space. Then for any choice of indices $i_1, \dots, i_k$ we have that      T_{i_1}  \cdots T_{i_k}=       1     + h \sum_{l=1}^k V_{i_l}     + h^2 \sum_{1\leq u < v \leq k} V_{i_u}' V_{i_v}     + \mathcal O(h^3)",0.0,1,0.7033265829086304
"For any set $\Delta\subseteq\Omega$, we can find the set $\Delta^{C(X)}$ in time $n|X|$. If desired, for all $\gamma\in \Delta^{C(X)}$, we can in that same time find an $\beta\in \Delta$ and a word representing an element $g$ of $C(X)$ with $\beta^g=\gamma$.","[\cite{BabaiSzemeredi1984}]   For $j>1$,   the cube $C(x_1,\ldots,x_j)$ is non-degenerate iff both   of the following hold:        \item The       cube $C(x_1,\ldots,x_{j-1})$ is non-degenerate.     \item The element $x_j$ satisfies       $x_j\not\in C(x_1,\ldots,x_{j-1})^{-1}C(x_1,\ldots,x_{j-1})$.",1.0,0,0.2546199560165405
"For the distribution given in (1.8) and under the assumptions of Theorem \ref{mgf.theo}, the following recurrence relation is satisfied  		  			M_{r,s,n,m,k}^{p,q}(t_{1},t_{2})=\dfrac{\gamma_{s}}{(q+1)}\left[M_{r,s,n,m,k}^{p,q+1}(t_{1},t_{2})-M_{r,s-1,n,m,k}^{p,q+1}(t_{1},t_{2})\right]-\left(\dfrac{2-\theta}{2}\right)\dfrac{\gamma_{s}^{k-m,n+1}C^{*}}{(q+1)}\nonumber \\ \,\,\,\,\,\,  			\times\left[M_{r,s,n+1,m,k-m}^{p,q+1}(t_{1},t_{2})-M_{r,s-1,n+1,m,k-m}^{p,q+1}(t_{1},t_{2})\right]- \dfrac{t_{2}}{(q+1)}M_{r,n,m,k}^{p,q+1}(t_{1},t_{2}),\,\, m\ne-1\,\,\","%Let $n\in\NN$. We have $H_1^{(n,0)}=(U^{(n,0)})^TD^{(n,0)}U^{(n,0)}$ where $D=\diag(((-1)^k)_{k\geq 0})$ and $U=(u_{i,j})_{i,j\geq 0}$ with  %$$u_{i,j}=1_{2\NN_0(j-i)}(-1)^{(j-i)/2} \frac{(i+1)^{(j-i)}}{({i+2})^{(\frac{j-i}{2})}(\frac{j-i}{2})!}=1_{2\NN_0(j-i)}(-1)^{(j-i)/2} \frac{i+1}{j+1}\binom{j+1}{(j-i)/2}$$  %where $l^{(k)}$ with $l,k\in\NN$ denotes the rising factorial $l(l+1)\cdots(l+k-1)$.   %",0.0,1,0.788734495639801
"When $p_0, p_1 \geq \frac{1}{2}$, the optimal policy choices at the two states are:              \item $b \in [0, b_l) $                                        a_0 = p_0, ~ a_1 = \eta_1^{-}(b), &\mbox{if}~ |\frac{1}{2} - p_1 | \geq |\frac{1}{2} - p_0 |\\                 a_0 = \eta_0^{-}(b), ~ a_1 = p_1, &\mbox{if} ~ |\frac{1}{2} - p_1 | < |\frac{1}{2} - p_0 |                                \item $b \in [b_l, b_h)$                       & a_0 = a_1 = -M(\frac{b}{2} - \mathbf{d}_{0}^\gamma p_0 - \mathbf{d}_{1}^\gamma p_1 )                   \item $b \in [b_h, \infty)$                       & a_0 = a_1 = \frac{1}{2}                   where we defined                           b_l & = 2\max\{(1 -\gamma p_0 - \mathbf{d}^{\gamma}_0 )(p_1 - p_0), \notag\\             &\qquad\qquad\qquad (\mathbf{d}^{\gamma}_0 +\gamma p_1)(p_0 - p_1)\}\\ 		b_h & = (2\mathbf{d}^{\gamma}_0 +\gamma)(p_0 - p_1)+2p_1-1\\         M & = \frac{1}{1-\gamma p_0 + \gamma p_1}.","[Generalized variational expressions] Let $\mathcal{X}$ be an operator space. Then for $1\leq p\leq q\leq \infty$ and $\frac{1}{r}=\frac{1}{p}-\frac{1}{q}$, the following variational formulas hold for any $X\in \mathcal{S}_p[\mathcal{H},\mathcal{X}],\mathcal{S}_q[\mathcal{H},\mathcal{X}]$ respectively:  \operatorname{(i)}\qquad&\|X\|_{\mathcal{S}_p[\mathcal{H},\mathcal{X}]}=\inf_{\substack{X=FYG\\F,G\in \mathcal{S}_{2r}(\mathcal{H}), Y\in\mathcal{S}_q[\mathcal{H}, \mathcal{X}] }} \|F\|_{2r} \|Y\|_{\mathcal{S}_q[\cH,\mathcal{X}]}\|G\|_{2r}\\ \operatorname{(ii)}\qquad &\|X\|_{\mathcal{S}_q[\mathcal{H},\mathcal{X}]} = \sup_{F,G\in \mathcal{S}_{2r}(\mathcal{H})}\|F\|_{2r}^{-1}\|FXG\|_{\mathcal{S}_p[\mathcal{H},\mathcal{X}]}\|G\|_{2r}^{-1}\,.",0.0,1,0.5913175344467163
"Let $2\leq k\leq 3$ and $1\leq a_1\leq \ldots a_k \leq n/6$. Then for every $v \in [n]$ and collection of $k$ matchings $M_{i_1},\ldots, M_{i_k}$ we have that      \PP\left(\bigcap_{j=1}^k (c_{v,i_{j}}=a_j)\right)=O(n^{-k}).","[Existence and uniqueness \cite{HofmeisterThesis} {\cite[art.\ 74]{GS2}} ] 	The spectral degree exponent (SDE) exists, is unique and is bounded in $q \in [2,\infty]$.",0.0,1,0.611587643623352
"Let $L \# R$ denote $S^1 \times B^3 \# S^1 \times B^3$, where $L$ and $R$ are $S^1 \times B^3$'s. Let $\Sigma$ denote the $S^3$ along which $L$ and $R$ are identified in the connect sum.           \noindent Consider the barbell diffeomorphism $\beta_k: L \# R \rightarrow L \# R$ given by the red barbell implantation below, $k\geq 4$. As in \cite{BG}, we think of $S^1 \times B^3$ as $S^1 \times D^2 \times [-1,1]$, where the $t\in[-1,1]$ parameter represents time. We think of $L \# R$ as two copies of $(S^1 \times D^2) \times [-1,1] \setminus D^3 \times (-0.5, 0.5)$ ($L$ on the left and $R$ on the right) which are identified along the $S^3$ boundary of the $B^4=D^3 \times [-0.5,0.5]$. \Cref{beta} shows the barbell in the $t=0$ slice of $L\# R$. The orange $S^2$'s on left and right are identified and depict the equatorial cross-section of $\Sigma$ in this slice, which gets filled in by $B^3$'s in the future and past.           [h!]         \centering         \includegraphics[width=0.5\linewidth]{beta.jpeg}         \caption{$\beta_k$ in the $t=0$ slice of $L\# R$. The numbering on the orange $S^2$'s denotes which points are identified.}                    \noindent First we note that $\beta_k$ is not isotopic to the identity. If it were, then after gluing an $S^2 \times D^2$ to $R$ and extending $\beta_k$ over it by the identity, the extension $\hat{\beta_k}$ would also be isotopic to the identity as a diffeomorphism of $L \# (R \cup_{S^1 \times S^2}D^2 \times S^2)=S^1 \times B^3 \# S^4 \approx S^1 \times B^3$. On the other hand, we can see that $\hat{\beta_k} \approx  \delta_k$ of \cite{BG} (\Cref{isotope beta to delta}), which they showed to be nontrivial in $\pi_0(\text{Diff}_\partial(S^1 \times B^3)/\text{Diff}_\partial(B^4))$ for $k\geq 4$.          [h!]         \centering         \includegraphics[width=0.75\linewidth]{isotope_beta_to_delta.jpeg}         \caption{The isotopy of $\hat{\beta_k}$ to $\delta_k.$ Note that we also recover $\delta_k$ if we cap off $L$ rather than $R$.}                     \noindent Now suppose that $\beta_k(\Sigma)$ is isotopic to $\Sigma$. By \cite{Ce}, $\beta_k$ is isotopic rel $\partial$ to a diffeomorphism $\Bar{\beta}_k$ such that $\Bar{\beta}_k\restriction_\Sigma=id$. Then $\Bar{\beta_k}$ factors as a diffeomorphism $\Bar{\beta_k}=f_L \# f_R$, where $f_L$ and $f_R$ are diffeomorphisms of $L \setminus B^4$ and $R \setminus B^4$ that are the identity near the $S^1 \times S^2 \sqcup S^3$ boundary (\Cref{fLfR}). Moreover, since $\Bar{\beta_k}\not\approx id$ rel $B^4$, then either $f_L\not\approx id$ rel $B^4$ or $f_R\not\approx id$ rel $B^4$. Suppose $f_L\not\approx id$ rel $B^4$. Fill in the missing $B^4$ to $L\setminus B^4$ and extend $f_L$ over it by the identity, and let $\hat{f_L}: S^1 \times B^3 \rightarrow S^1 \times B^3$ denote the extension. Then $\hat{f_L}$ is nontrivial in $\pi_0(\text{Diff}_\partial (S^1 \times B^3)/\text{Diff}_\partial (B^4))$: after gluing an $S^2 \times D^2$ to $R$ in $L \# R$ and extending $f_L \# f_R$ over it by the identity, the extension $\hat{f_L \# f_R}$ agrees with $\hat{f_L}$ outside of a $B^4$ containing $R\setminus B^4 \cup_{S^1\times S^2} D^2 \times S^2 \subset S^1 \times B^3$, so $\hat{f_L}=\hat{f_L \# f_R}$ in $\text{Diff}_\partial (S^1 \times B^3)/\text{Diff}_\partial (B^4)$; since $f_L \# f_R \approx \beta$ in $L \# R$, then $\hat{f_L \# f_R} \approx \hat{\beta}$ in $S^1 \times B^3$, and $\hat{\beta}$ was nontrivial in $\pi_0(\text{Diff}_\partial (S^1 \times B^3)/\text{Diff}_\partial (B^4))$ as we saw above.            [h!]          \centering          \includegraphics[width=0.4\linewidth]{fL_fR.jpeg}          \caption{Schematic of $f_L \# f_R$.}                       \noindent Consider the $k$-fold cyclic cover $X\approx \#_{k+1} S^1 \times B^3$ of $L \# R$ obtained by ""unwinding"" the $R$ factor; see \Cref{2D pic} for the analogous 2-dimensional picture.       [h!]          \centering          \includegraphics[width=0.4\linewidth]{2D_pic.jpeg}          \caption{The 2-dimensional analogue of $X$ for $k=5$. The central $S^1 \times B^1$ covers $R$, and the orbiting $S^1 \times B^1$'s cover $L$.}                       \noindent Lifting the barbell representing $\beta_k$ to $X$ and considering the resultant lift $\Tilde{\beta_k}:X \rightarrow X$ of $\beta_k$, we see that $\Tilde{\beta_k}$ is represented by $k$ disjoint copies of a barbell which can be isotoped into a $B^4\subset X$, so that $\Tilde{\beta_k}$ is a composition of trivial elements in $\pi_0(\text{Diff}_\partial(X)/\text{Diff}_\partial(B^4))$ and is therefore trivial too. (\Cref{beta lift})       [h!]          \centering          \includegraphics[width=0.75\linewidth]{lift_of_beta.jpeg}          \caption{One of the $k$ copies of the barbell for the lift $\Tilde{\beta_k}$ when $k=5$. Here we depict the $t=0$ slice of $X\approx \#_{k+1} S^1 \times D^2 \times [-1,1]$. The orange $S^2$'s are cross-sections of the $k$ $S^3$'s which we identify in the connect sum, and are labeled according to that identification. The barbell begins in $L_1$, hits $\Sigma_1$ and travels to $\Tilde{R}$, then hits $\Sigma_2$ and travels to $L_2$, and so on until ending in $L_5$.  The barbell no longer loops around any $S^1$ factors, so we can pull it into a 4-ball.}                       \noindent On the other hand, consider the lift of $f_L \# f_R$ to $X$; call it $F$. Let $L_1,...,L_k$ denote the $S^1 \times B^3$ summands of $X$ which cover $L$, let $\Tilde{R}$ denote the $S^1 \times B^3$ summand of $X$ which covers $R$, and let $\Sigma_1,...\Sigma_k$ denote the $S^3$'s in $X$ which cover $\Sigma$. Then $F\restriction_{L_i}=f_L$, $F\restriction_{\Tilde{R}}=\Tilde{f_R}$ some lift of $f_R$, and $F$ is the identity on a neighborhood of $\partial X$ and of $\Sigma_1,...,\Sigma_k$.  (\Cref{lift of fL fR})       [h!]          \centering          \includegraphics[width=0.4\linewidth]{lift_of_fL_fR.jpeg}          \caption{Schematic of the lift $F$ for $k=5$.}                       \noindent But $F$ is nontrivial in $\pi_0(\text{Diff}_\partial(X)/\text{Diff}_\partial(B^4))$; if it were trivial, then after gluing $D^2 \times S^2$'s to $L_2,...,L_k, \Tilde{R}$ and extending $F$ over them by the identity, the extension $\hat{F}:S^1 \times B^3 \rightarrow S^1 \times B^3$ would also be trivial in $\pi_0(\text{Diff}_\partial(S^1 \times B^3)/\text{Diff}_\partial(B^4))$. But $\hat{F}=\hat{f_L}$ outside of a $B^4 \subset S^1 \times B^3$, so $\hat{F}=\hat{f_L}$ in $\text{Diff}_\partial(S^1 \times B^3)/\text{Diff}_\partial(B^4)$, and $\hat{f_L}$ was nontrivial in $\pi_0(\text{Diff}_\partial(S^1 \times B^3)/\text{Diff}_\partial(B^4))$ by assumption. So $F$ is nontrivial in $\pi_0(\text{Diff}_\partial(X)/\text{Diff}_\partial(B^4))$.        \noindent Therefore $F\not\approx \Tilde{\beta_k}$, so $f_L \# f_R \not\approx \beta_k$, giving us our contradiction. Therefore $\beta_k(\Sigma)$ is not isotopic to $\Sigma$.       \noindent Replacing $\beta_k$ by $\beta_i \circ \beta_j^{-1}$ for $i\neq j, i, j \geq 4$, and lifting to the $ij$ -fold cyclic cover of $L\#R$, we see that $\beta_i \circ \beta_j^{-1}(\Sigma)\not\approx \Sigma$; therefore all the $\beta_k$'s for $k\geq 4$ give pairwise non-isotopic $S^3$'s in $S^1 \times B^3 \# S^1 \times B^3$, providing our infinite family of non-isotopic splitting spheres for two unlinked, unknotted $S^2$'s in $S^4$.","Assume agents who influence of every $i\in \mathcal{V}_R$ are  defined by $\mathcal{N}_i$ and assigned such that              \left(\bigwedge_{l\in \mathcal{M}}\bigwedge_{i\in \mathcal{V}_{l}}\left(\mathcal{N}_i\subset \mathcal{W}_{l}\right)\right).         Then, matrix  $\bar{\mathbf{A}}\in \mathbb{R}^{N_R\times N_R}$ is reducible and obtained by              \bar{\mathbf{A}}=             \bar{\mathbf{A}}_{11}&\cdots&\mathbf{0}\\             \vdots&\ddots&\vdots\\             \bar{\mathbf{A}}_{M1}&\cdots&\bar{\mathbf{A}}_{MM}\\                  ,                   \bar{\mathbf{S}}=             \mathbf{Q}_1\mathbf{S}\\             \mathbf{0}_{\left(N_R-N_1\right)\times \left(N-N_R\right)}                  \in\mathbb{R}^{N_R\times \left(N-N_R\right)}.",0.0,1,0.6334348917007446
"Every connected graph \(G = (V,E)\) with at least three nodes satisfies the inequality     \[         \energy{G} \leq \sum_{v \in V'} \sqrt{3l(v) + d(v)} = \sum_{v \in V'} \sqrt{4l(v) + \delta(v)}.     \]     This equality holds if and only if \(G\) is isomorphic to a star.","For every $n\in \mathbb N$, $m\in \mathbb Z_+$ and $k\in \llbracket 1; E_{p,n}(m)+1 \rrbracket$, 	\setlength{\jot}{10pt} 	       && \hspace{-1cm}\mathbb{P}\left( \Delta G_{p,n}(m)=k ~| ~ \mathbf{F}_{p,n}(m)\right) \\ 	  & =&\binom{V_{p,n}(m)}{k} \cdot k^{k-2} \cdot \frac{\#\mathcal{W}(V_{p,n}(m)-k,E_{p,n}(m)-k+1)}{\#\mathcal{W}(V_{p,n}(m),E_{p,n}(m))} \cdot \left(\frac{k(k-1)+2pkG_{p,n}(m)}{n(n-1)}\right), 	 	with the conventions $\#\mathcal{W}(0,0)=1$, $\#\mathcal{W}(N,N)=0$ for any $N \in \mathbb N$, $\#\mathcal{W}(-1,0)=0$, 	and  	$$\mathbb{P}\left(\Delta D_{p,n}(m)=1~| ~ \mathbf{F}_{p,n}(m)\right)=2(1-p) \cdot \frac{G_{p,n}(m)(n-G_{p,n}(m))}{n(n-1)}+\frac{G_{p,n}(m)(G_{p,n}(m)-1)}{n(n-1)}.$$",0.0,1,0.5289741158485413
"The approximate peak time for a large fluorescence lifetime satisfies   t^{p}_\infty = (k-\ell^{-1})^{-\frac{1}{2}} \lambda + (k-\ell^{-1})^{-\frac{3}{4}} \alpha_\lambda \lambda^\frac{1}{2}  + O\left( \lambda^{-\frac{1}{2}} \right) \quad \mbox{as} \quad \lambda \gg 1,    where $\alpha_\lambda>0$ is   \alpha_\lambda := \left(-\log\left[ (\pi^{\frac{1}{2}} \ell^{-1} (k-\ell^{-1})^{-\frac{3}{4}}) \lambda^\frac{1}{2} \right] \right)^\frac{1}{2} < \infty.","For every $A\in \left(1/2,1\right)$, there exists $c_{A}>0$ such that for  $n$ large enough 		$$\mathbb{P}\left(\exists m\in \left[n/2,An\right]:\, 2E_{p,n}(m)-V_{p,n}(m)\geq \ln(n)^3 n^{2/3}\right) \leq \mathrm{e}^{-c_A\ln(n)^2}.$$",0.0,1,0.6467683911323547
"[Properties of $\HCT$ basis] 	 	% 	We have 	$% 	\sum_{z \in \vertices} \Upsilon^0_z = 1 \text{ in }\Omega, 	$ % 	where, for all $z \in \vertices$, 	 		\operatorname{supp}\Upsilon_z^0=\omega_z, 		\quad%\text{and}\quad 		h_z^2\norm[L^\infty(\Omega)]{D^2\Upsilon_z^0}\eqsim 		h_z\norm[L^\infty(\Omega)]{\nabla\Upsilon_z^0}\eqsim\norm[L^\infty(\Omega)]{\Upsilon_z^0}\eqsim1. 	 	Furthermore, for all $z \in \vertices$, $j=1,2$,  all $T\in\grid$ with $T\ni z$,  as well as  all \(F\in\sides\), $T \in \grid$ with $T \supset F$, 	 		\operatorname{supp}\Upsilon_z^j = \omega_z, 		\quad 		\norm[L^2(T)]{D^2\Upsilon_z^j} \lesssim 1, 		\qquad  		\operatorname{supp}\Upsilon_F = \omega_F, 		\quad 		\norm[L^2(T)]{D^2\Upsilon_F} \lesssim 1. 	 	All hidden constants only depend on the shape constant \(\gamma_\grid\).","[Lower Bound]  Asymptotically,       \inf_{\hat{T}_{\text{\normalshape priv}}} \sup_{P \in \mathcal{M}, T_0 \in \mathcal{T}_{\alpha}}    &\E\p{\int \| T_0 - \hat{T}_{\text{\normalshape priv}}  \|^2 dP} \\    &\gtrsim  \frac{1}{n} \vee n^{- \frac{2 \alpha}{2 \alpha - 2 + d}} \vee (n\epsilon)^{- \frac{2 \alpha}{\alpha - 1 + d}}       where the infimum is taken over all estimators $\hat{T}_{\text{\normalshape priv}}$'s that are $\epsilon$-DP.",0.0,1,0.5057643055915833
"[Implicit in~\cite{MN07}]  Every $n$-point metric space admits a \( (t, n^{-O(1/t)}) \)-capped decomposition for all $t \geq 1$.","The property of having no 2-edge-coloring without monochromatic triangles has local                 complexity $\Omega(n/\log n)$, even in graphs of maximum degree~40.",0.0,1,0.5341691970825195
"For $s \in \mathbb{C}$ away from the poles of the summands,   \[     \Zodd(s) = \frac{q^{s/2}}{8 \Gamma(s) \log \varepsilon}     \sum_{m \in \mathbb{Z}} (-1)^m     \Gamma\Big(\frac{s}{2} + \frac{\pi i m}{2\log \varepsilon}\Big)     \Gamma\Big(\frac{s}{2} - \frac{\pi i m}{2\log \varepsilon}\Big),   \]   Thus $\Zodd(s)$ has meromorphic continuation to $s \in \mathbb{C}$, with simple poles at $s = - 2k + \frac{\pi i m}{\log \varepsilon}$   for $m \in \mathbb{Z}$ and integral $k \geq 0$.","\  {\rm \cite{Casali-Cristofori trisection bis} } \  Let $M$ be a compact $4$-manifold with empty or connected boundary.  A gem-induced trisection of $M$ is a trisection if and only if  $M$ is closed and orientable.   \noindent Moreover, a closed orientable $4$-manifold admits a gem-induced trisection if and only if it admits a handle decomposition lacking in 3-handles (or in 1-handles).",0.0,1,0.8325871229171753
The positive solution $t_0>0$ to   - k  - \frac{3}{2} t^{-1} + \lambda^2 t^{-2} - \frac{2\beta v D}{x_{c_3} + \beta v D t} = 0  satisfies     t_0 =  k^{-\frac{1}{2}}\lambda - \frac{7}{4}k^{-1} + \frac{\sqrt{k}}{\sqrt{k}+\beta\sqrt{vD}}k^{-1}  + O\left(\lambda^{-1}\right) \quad \mbox{as} \quad \lambda \gg 1.,"For almost all $r \in (0,\infty)$, it holds that     	     		A_{i}^{\prime}(r) \ge \int_{\Gamma_{i}(r)} r\lvert \nabla_{\mathbb{R}^{+}} u_{i}(\cdot,\xi) \rvert^{2} (r) + \lambda(\Gamma_{i}(r))r^{-1} \lvert u_{i}(r,\xi) \rvert^{2} \mathrm{d}m_{\Sigma}.     	     	Recall that $\lambda(\Gamma_{i}(r))$ is the first eigenvalue of $\Gamma_{i}(r)$.",0.0,1,0.7201486825942993
"For any fixed $C\geq 0$, the mappings $z\mapsto\Psi^{-1}_+(z,C)$ and $z\mapsto\Psi^{-1}_-(z,C)$ are non-decreasing (with respect to the partial ordering $\succeq$).","\cite{Bollobas01, McDonald} With high probability \(\abs{N_k(n)}/n \to n_k\) and \(\abs{N_{k,1}(n)}/n \to n_{k,1}\) when \(n \to \infty\), where \[     n_k = \frac{4}{k(k+1)(k+2)}, \qquad n_{k,1} = \frac{2(k+2)(k+3)-24}{k(k+1)(k+2)(k+3)}. \]",0.0,1,0.5204955339431763
"[topsep=0cm] \item[\emph{1)}] For $\varepsilon \geq 0$ and $a\in \left(\frac{2\varepsilon}{1+2\varepsilon},1\right)$,  there exists a unique solution to $(E_{(\varepsilon)})$ starting from $a$. We denote it here by $g_p^{(\varepsilon,a)}$. \item[\emph{2)}] Let $\frac{2\varepsilon}{1+2\varepsilon}<a<b<1$, then $~g_p^{(\varepsilon,a)}(t)<g_p^{(\varepsilon,b)}(t)$ for all $t \geq \frac{1}{2}$ and  $$\sup_{t\geq {1}/{2}}\big\vert g_p^{(\varepsilon,a)}(t)-g_p^{(\varepsilon,b)}(t)\big\vert ~\leq ~\vert b-a\vert.$$  \vspace{-0.4cm}  \item[\emph{3)}] Take $0<\varepsilon_1<\varepsilon_2$ and $a>\frac{2\varepsilon_2}{1+2\varepsilon_2}$. Then $g^{(\varepsilon_1,a)}_{p}(t)< g^{(\varepsilon_2,a)}_{p}(t)$ for all $t\geq \frac{1}{2}$. \item[\emph{4)}] There exists a unique solution to $(E_{(0)})$ starting from $0$, which is our function $g_p$ defined as the inverse of the function $f_p$ (\ref{def:f_p}). In particular $g_{p}(\cdot+\varepsilon)$ is the solution to $(E_{(\varepsilon)})$ starting from $g_{p}({1}/{2}+\varepsilon)$.","For any $0<a<b<1$, \mathbb{E}(\widetilde{U}_{T_{0,b N}}\mathbf{1}_{T^Z_{\lfloor bN\rfloor}<\infty}|Z_0=\lfloor aN\rfloor)&\rightarrow_{N\rightarrow\infty} \frac{\left(\frac{a}{b}\right)^{\frac{1+s}{2s}}}{\left(\frac{1-a}{1-b}\right)^{\frac{1}{2s}}}+\left(\int_{a}^{b}\frac{(1-u)^{\frac{1}{2s}}}{u^{\frac{1+s}{2s}}}\left[\frac{1}{2}+\frac{1}{2s}\frac{1}{1-u}\right]du\right)\times \frac{a^{\frac{1+s}{2s}}}{(1-a)^{\frac{1}{2s}}}  \mathbb{E}(\widetilde{V}_{T_{0,b N}}\mathbf{1}_{T^Z_{\lfloor bN\rfloor}<\infty}|Z_0=\lfloor aN\rfloor)\rightarrow_{N\rightarrow\infty}\left(\int_{a}^{b}\frac{(1-u)^{\frac{1}{2s}}}{u^{\frac{1+s}{2s}}}\left[\frac{1}{2}+\frac{1}{2s}\frac{1}{1-u}\right]du\right)\times \frac{a^{\frac{1+s}{2s}}}{(1-a)^{\frac{1}{2s}}}",0.0,1,0.5743198394775391
We have $\det(H_1^{(n)})=\pm 1$ as well as $\det(H_2^{(n)})=\pm 1$ for all $n\in\NN$.,"Suppose we sift an element $g\in G^{[i]}$ with $\beta_{i}^g=\lambda$.   Then after sifting completes,   we will have $\lambda\in\Omega_i$.",0.0,1,0.5245643854141235
"Let  $k,N\in \N$,  $k\le N$,   $\alpha>0$, and let \beq C_\alpha=(1-\e^{-\alpha})^{-1} \pa{ \prod_{n=1}^\infty (1- \e^{-\alpha n})^{-1}}^2. \eeq    Then \be \sup_{\y\in \cP_{N}(\Z)} \sum_{{\x}\in\cP_{N,k}(\Z)} \e^{-\alpha \abs{\x-\y}_1}\le  C_{\alpha}^{k+1} , \ee  and \be \sup_{\x\in \cP_{N,k}(\Z)} \sum_{{\bf y}\in\cP_{N}(\Z)} \e^{-\alpha \abs{\x-\y}_1}\le C_{\alpha}^k , \ee","[Gale-Ryser] 		 		A bipartite graph $G = (X \cup Y, E)$ with $|X| = |Y| = n$ contains an $r$-factor if and only if for all $A \subseteq X$ and $B \subseteq Y$, the following holds, 		 		 		e_G(A, B) \ge r\left(|A| + |B| - n \right).",0.0,1,0.8033757209777832
"Suppose conditions (A1)-(A4) are satisfied and the inequalities \eqref{eq38}-\eqref{eq41} are feasible. Let $\hat{X}$ be the matrix defined in \eqref{eq42}. If the linear matrix inequalities 	 		& \Sigma_{\hat{X}}+\Lambda_{\hat{X}}^{\dagger} Q \Pi+\Pi^{\dagger} Q^{\dagger} \Lambda_{\hat{X}}<0,   \\ 		& {\left[{cc} 				\tilde{\gamma}^{2} I_{n_{y}} & D_{Q} \\ 				D_{Q}^{\dagger} & I_{n} 			\right]>0} , 	 	in which the variable $Q$ is restricted to have the form 	 		Q=\left[{cc} 		A_{Q} & 0  \\ 		C_{Q} & D_{Q} 	\right], 	 	have a feasible solution, then the controller	 	 		& \mathscr{C} \sim\left[{c|c}A_{\mathscr{C}} & B_{\mathscr{C}} \\ \hline C_{\mathscr{C}} & D_{\mathscr{C}}\right],\\ 		& A_{\mathscr{C}}=A_{K_{c}}+B_{K_{c}, 2} D_{Q} C_{K_{c}, 2},  \nonumber\\ 		& B_{\mathscr{C}}=B_{K_{c}, 1}+B_{K_{c}, 2} D_{Q},  \nonumber\\ 		& C_{\mathscr{C}}=C_{K_{c}, 1}+D_{Q} C_{K_{c}, 2},  \nonumber\\ 		& D_{\mathscr{C}}=D_{Q},  	 	solves the two-disk problem \eqref{eq32}, \eqref{eq33}.","For any values of $l\in\mathbb{N}\cup\{0\}$ and $m\in\mathbb{N}$, then the functions $\frac{d}{d\rho}\left(\rho^{1-d/2}J_{d/2+l-1}\left(\rho\right)\right)$ and $\frac{d}{d\rho}\left(\rho^{1-d/2}J_{d/2+l+m-1}\left(\rho\right)\right)$ have no common positive zeros.",0.0,1,0.5699364542961121
"For $1\leq r<s\leq n$, $n \in{N}$, $m \in {R}$, and a fixed positive integer $k\ge 1$","Let $\mathcal{L}_1=\sum_{k\geq 0}c_kX^{-k-1}$ and $\mathcal{L}_2=\sum_{k\geq 0}(c_k\pmod 2)X^{-k-1}$ be formal Laurent series over $\QQ$, with $$c_{2k}=(-1)^kC_k \mbox{ and } c_{2k+1}=0.$$ The continued fraction expansions of $\mathcal{L}_1$ and $\mathcal{L}_2$ satisfy $$\mathcal{L}_1=[0;\overline{X}]\quad \mbox{ and } \quad \mathcal{L}_1=[0;{s_1 X},s_2X,s_3X,\ldots]$$ with $(s_i)_{i\geq 1}$ in $\{1,-1\}$ is a paperfolding sequence often denoted by $\mathcal{F}(1,-1,-1,-1,\ldots)$ (cf. e.g. \cite{Alletal} for this notation), that defines $(s_i)_{i\geq 1}=\lim_{i\to\infty}w_i$ via the recursion $w_1=s_1=(1)$, $w_{i+1}=w_i\cdot(-1)\cdot(-{w_i}^R)$ for $i\geq 1$. Here $\cdot$ denotes the concatenation of the finite sequences, $w^R$ denotes the finite sequence $w$ in reflected order, and the $-$ in front of a finite sequence changes the signs of the elements of the sequence.",0.0,1,0.7193044424057007
"[Finite volumes criterion]  Fix $\Delta >1$ and $\lambda >0$.   Let  $s\in (0,\frac 13)$ and  $q\in \frac 12 \N^0$.    Suppose that for  all finite $D\subset \Z$  we have  \be \sup_{z\in\mathds{H}_q} \E_D\set{\abs{G^{D}_{z}({\bf x},{\bf y})}^s}\le C_q \abs{D}^{C_q}\e^{-c_q  \wtilde d^D_H ({\bf x},{\bf y})} \mqtx{for all} {\bf x},{\bf y} \in \cP_+(D). \ee  Then    for all  $\La\subset\Z$     we have  \be  \sup_{z\in\mathds{H}_q}\E_\La \set{\abs{G^{\La}_{z} ({\bf x},{\bf y})}^s}\le  C_{q}\e^{-c_{q} \wtilde d_H^\La ({\bf x},{\bf y})} \mqtx{for all}  {\bf x},{\bf y} \in \cP_+(\La). \ee        Furthermore, for all $D\subset \Z$ finite we have  \be  \E_{D}\set{\cQ_q^D ({\bf x},{\bf y})}\le  C_q e^{-c_q \wtilde d_{H}^D({\bf x},{\bf y})}  \mqtx{for all}\x,\y\in \cP_{+}(D). \ee","Let $2\leq k\leq 3$ and $1\leq a_1\leq \ldots a_k \leq n/6$. Then for every $v \in [n]$ and collection of $k$ matchings $M_{i_1},\ldots, M_{i_k}$ we have that      \PP\left(\bigcap_{j=1}^k (c_{v,i_{j}}=a_j)\right)=O(n^{-k}).",0.0,1,0.7626526951789856
"The Birkhoff billiard inside $K_e$    admits the first intergral 	$$   I_2 =    a^2 m_{2,3}^2 + b^2 m_{1,3}^2 - m_{1,2}^2. 	$$","[\cite{GKL03}]  Let $\cX$ be a family of $n$-point metrics,  and assume that all the pairwise distances in all metrics $(X,\rho)$ in $\cX$ are in the range $[1,\Delta_{\text{max}}]$. Then $\cX$ admits a distance-labeling scheme with approximation $O(\beta^*(\cX))$ and label size $O(\log n \log\Delta_{\max})$ bits.",0.0,1,0.629861056804657
"%A cluster of scatterers $V_n$, $n=1,\ldots,N$ and a distribution of point sources $\mathbf{r}_\ell$ with $\ell=1,\ldots,L$ satisfy the \emph{close proximity assumption} if and only if there exists an open ball of finite radius $R$, $B_R(\mathbf{r}_0)=\{\mathbf{r}\in\mathbb{R}^3:\lvert \mathbf{r}-\mathbf{r}_0\rvert <R\}$ such that the following conditions hold: %  %   \item $V_n\subset B_R$, \quad $n=1,\ldots,N$   %  \item $\mathbf{r}_\ell\in \mathrm{int}(B_R)$, \quad $\ell=1,\ldots,L$   %  \item $\lim_{r\rightarrow R}\left\lvert u_\ell^{\mathrm{pr}}(\mathbf{r})-\mathrm{exp}({-\mathrm{i}k\hat{\mathbf{r}}_\ell\cdot\mathbf{r}})\right\rvert \ne0$, \quad $\ell=1,\ldots,L$, % %where $u_\ell^{\mathrm{pr}}$ is the primary field elicited by the source at $\mathbf{r}_\ell$, $\mathrm{exp}({-\mathrm{i}k\mathbf{r}_\ell\cdot\mathbf{r}})$ a plane wave propagating at the direction of $-\hat{\mathbf{r}}_\ell$ and $\mathrm{int}(B_R)$ the interior of $B_R$.   %","%    Assume influencers of every $i\in \mathcal{V}_R$, defined by $\mathcal{N}_i$, are assigned such that  %     %         \left(\bigwedge_{l\in \mathcal{M}}\bigwedge_{i\in \mathcal{V}_{l}}\left(\mathcal{N}_i\subset \mathcal{W}_{l}\right)\right). %      %    Then, matrix  $\bar{\mathbf{A}}\in \mathbb{R}^{N_R\times N_R}$ is reducible and obtained by %      %         \bar{\mathbf{A}}= %             \bar{\mathbf{A}}_{11}&\cdots&\mathbf{0}\\ %             \vdots&\ddots&\vdots\\ %             \bar{\mathbf{A}}_{M1}&\cdots&\bar{\mathbf{A}}_{MM}\\ %          %         . %      %",0.0,1,0.612674355506897
"[Privacy amplification by subsampling]      Let $n_1' \leq n_1, \dots, n_k' \leq n_k$. If a mechanism $M_{\text{batch}}$ is $(\epsilon, \delta)$-DP on $\mathcal D_1^{n_1'} \times \ldots \times \mathcal D_k^{n_k'}$, the mechanism $M$ that      (i) selects $n_{i}'$ among the $n_i$ points in each category without replacement, and then     (ii) applies $M_{\text{batch}}$ to the sampled dataset, is $(\epsilon', \delta')$-DP on $\mathcal D_1^{n_1} \times \ldots \times \mathcal D_k^{n_k}$ where $\epsilon' = \ln \p{1 + p\p{e^{\epsilon} - 1}} , \quad \delta' = p \delta$      and $p = \max \p{\frac{n_{1}'}{n_1}, \dots,  \frac{n_k'}{n_k}}$.","{\rm (\cite{OSELEDETS201070})}.     Suppose that the unfoldings $A_k$ of the tensor $\cc{A}$ satisfy (\ref{lowrank}). The TT-SVD computes a tensor $\cc{B}$ in the TT-format with TT-ranks $r_k$ and              \|\cc{A}-\cc{B}\|_F^2\le \sum_{k=1}^{d-1}\epsilon_k^2 ,          where $\epsilon_k$ is the distance (in the Frobenius norm) from $A_k$ to its best rank-$r_k$ approximation      \[     \epsilon_k = \min_{{\rm rank}(B)\le r_k}\|A_k - B\|_F.     \]",0.0,1,0.5228475332260132
"[Implicit in~\cite{MN07}]  Every $n$-point metric space admits a \( (t, n^{-O(1/t)}) \)-capped decomposition for all $t \geq 1$.","For $a \in \left(-\frac{\pi}{2}, \frac{\pi}{2}\right)$, we have    \sum_{k=k_0(a)}^{\infty} \|p_{k+1} - p_{k}\| =   \frac{\sqrt{2} \sin \left(\sum_{i=k_0(a)}^{\infty} \theta_i\right) }{\cos \left(a - \sum_{i=k_0(a)}^{\infty} \theta_i\right) \cos a}.",0.0,1,0.6256028413772583
"[Implicit in~\cite{MN07}]  Every $n$-point metric space admits a \( (t, n^{-O(1/t)}) \)-capped decomposition for all $t \geq 1$.","If $(\g,z)$ is a flow-critical canvas, then every edge of multiplicity more than one is incident with $z$.",0.0,1,0.5325010418891907
"Let $\omega\left(\frac{\log^2 n}{n}\right)= p_0 \leq 1/2$. 		Then with high probability we have 		 		\delta_2(B_{n,p_0}) - \delta(B_{n,p_0}) \ge \frac{\sqrt{np_0}}{\log n}.","[Asymptotic deterministic equivalence of the norm of ridge regression estimator]     Given the bias variance decomposition of $\E_{\varepsilon}\|\hat{\bbeta}\|_2^2$ in \cref{lemma:biasvariance},      under \cref{ass:asym}, we have the following asymptotic deterministic equivalents $\mathcal{N}^{\tt LS}_{\lambda}  \sim \sN^{\tt LS}_{\lambda} := \sB_{\sN,\lambda}^{\tt LS} + \sV_{\sN,\lambda}^{\tt LS}$ such that $\mathcal{B}^{\tt LS}_{\mathcal{N},\lambda} \sim \sB_{\sN,\lambda}^{\tt LS}$, $\mathcal{V}^{\tt LS}_{\mathcal{N},\lambda} \sim \sV_{\sN,\lambda}^{\tt LS}$, where $\sB_{\sN,\lambda}^{\tt LS}$ and $\sV_{\sN,\lambda}^{\tt LS}$ are defined by \cref{eq:equiv-linear}.",0.0,1,0.5457123517990112
"Let $M$ be a closed hyperbolic $3$-manifold. There exists an $\epsilon_0>0$ such that every homotopy class of  $(1+\epsilon)$-\qf surfaces with $0<\epsilon\leq \epsilon_0$ is filling, and the set of incompressible embedded surfaces is decomposed into  	 		\item at most finitely many totally geodesic surfaces, and 		\item surfaces with quasi-Fuchsian constant $\geq 1+\epsilon_0$.","\(\Xi_3 \subseteq [-1/2, 1]\).",0.0,1,0.5208091735839844
"The cluster-interaction cross section is connected to the active interaction intensity through the host medium and the active interaction kinetic energy densities, by the relation  %   \frac{\sigma_{\mathrm{c}}}{\zeta_0}=\mathrm{Re}\left[\int_{S_h}\hat{\mathbf{n}}\cdot\mathbf{I}_{\mathrm{R}}^{h}(\mathbf{r})\mathrm{d}s(\mathbf{r})\right]-2\omega\sum_{\substack{n=1\\n\ne h}}^{N}\int_{V_n}\mathrm{Im}\left[\frac{\beta_n}{\rho_n}-1\right]\mathcal{K}_{\mathrm{R}}^n(\mathbf{r})\mathrm{d}v(\mathbf{r}),  % while the interaction Lagrangian densities are connected to the reaction intensity and the reactive interaction kinetic energy densities as follows: %  \nonumber \sum_{\substack{n=0\\n\ne h}}^{N}\int_{V_n}\mathcal{L}_{\mathrm{R}}^n(\mathbf{r})\mathrm{d}v(\mathbf{r})=-\frac{1}{2\omega}\mathrm{Im}\left[\int_{S_h}\hat{\mathbf{n}}\cdot\mathbf{I}_{\mathrm{R}}^{h}(\mathbf{r})\mathrm{d}s(\mathbf{r})\right]-\\\sum_{\substack{n=1\\n\ne h}}^{N}\int_{V_n}\mathrm{Re}\left[\frac{\beta_n}{\rho_n}-1\right]\mathcal{K}_{\mathrm{R}}^n(\mathbf{r})\mathrm{d}v(\mathbf{r}).   %","(Local finiteness)  Assume the hypotheses of Theorem \ref{theorem:main}. Suppose that, for each  vertex $v \in \mathcal{V}_{\mathcal{B}}$, $v = Bas(b)$ for only finitely many $b \in \mathcal{B}$. Then $\Delta^{f}_{\mathcal{B}}$ is locally finite.",0.0,1,0.5050012469291687
"Assume \eqref{eqn1.other}, $m<\epsilon_0$ and $\eta > \max\{1,\mu_1^2\}\,\tilde{C}^2/(2\,\mu_0^2)$. If $\Eb_h\in \Vb_h$ is a solution of the problem \eqref{eqn1.18}, then $\|\Eb_h\|_h$ is uniformly bounded with respect to the mesh size $h$.","For a given state $(v_+,u_+)\in\bbr_+\times\bbr$, there exist positive constants $C_0,\delta_0$, and $\e_1$ such that the following holds: 		 	Suppose that $(v,u,w)$ is the solution to \eqref{NSK-w} on $[0,T]$ for some $T>0$, and $(\ov,\ou,\ow)$ is the composite waves defined in \eqref{superposition wave-ext}. Let $X$ be the Lipschitz continuous solution to \eqref{ODE_X} with the weight function $a$ defined in \eqref{a}. Assume that $\delta_R,\delta_S<\delta_0$ and 	 	&v-\ov\in L^\infty(0,T;H^2(\bbr))\cap L^2(0,T;H^3(\R)),\\ 	&u-\ou\in L^\infty(0,T;H^1(\bbr))\cap L^2(0,T;H^2(\bbr)) , 	 	with 	 	\|v-\ov\|_{L^\infty(0,T;H^2(\bbr))}+\|u-\ou\|_{L^\infty(0,T;H^1(\bbr))}\le \e_1. 	 	Then, for all $0\le t\le T$, 	 	 	&\left(\norm{v-\ov}_{L^2(\mathbb{R})}^2 +\norm{u-\ou}_{H^1(\mathbb{R})}^2+\norm{w-\ow}_{H^1(\mathbb{R})}^2\right)+\delta_S \int_0^t | \dot{X}(s)|^2 \, d s \\  	&\quad +\int_0^t \left( G_1+G_3+G^S_u+G^S_v+G^R \right) \, ds +  \int_0^t \left( D_{u_1} + D_{u_2} + G_{w} + D_{w_1} + D_{w_2} \right)\, ds   \\  	& \le C_0 \left(\norm{(v-\ov)(0,\cdot)}_{L^2(\mathbb{R})}^2 +\norm{(u-\ou)(0,\cdot)}_{H^1(\mathbb{R})}^2+\norm{w_0-\ow}_{H^1(\mathbb{R})}^2\right)+C_0\delta_R^{1/3}, 	 	 	 	where $C_0$ is independent of $T$, and 	 	 	&G_1:=\int_\R |a_x|\left|p(v)-p(\ov)-\frac{u-\ou}{2C_1}\right|^2\,dx,\quad G_3:=\int_\R |a_x||w-\ow|^2\,dx,\\ 	&G^S_u:=\int_\R |u_x^S||u-\ou|^2\,dx,\quad G^S_v:=\int_{\R} |u^S_x||v-\ov|^2\,dx,\quad G^R:=\int_\R u^R_x |v-\overline{v}|^2\,dx,\\ 	&D_{u_1}:=\int_\R |(u-\ou)_x|^2\,dx,\quad D_{u_2}:=\int_\R |(u-\ou)_{xx}|^2\,dx,\\ 	&G_w:=\int_\R |w-\ow|^2\,dx,\quad D_{w_1}:=\int_{\R}|(w-\ow)_x|^2\,dx,\quad D_{w_2}:=\int_{\R}|(w-\ow)_{xx}|^2\,dx. 	 	 	Here, $C_1$ is a positive constant defined in \eqref{C_star}.",0.0,1,0.5634732246398926
"Using the last property and by the linearity of the integral, the derivative of $F$ (Eq.~\ref{eq:hermite}), $F^\prime \colon  \mathbb{R} \to \mathbb{R} $ is written as follows:       x \mapsto F^\prime(x)=\sum^{n}_{k=1} \frac{ka_k} {\sqrt{k!}}\operatorname{He}_{k-1}(x)","Consider a sequence $\{T_i\}$, $i=1,2, \dots$ of independent and identically distributed random operators. Suppose that for $\theta_0\in \Omega$ the backward iterates converge to a random point (randomness is due to the sampling of the random operators $T_i$'s): $$  T_1T_2\cdots T_n(\theta_0) \longrightarrow \theta^* \quad\textrm{as}\quad n\rightarrow \infty. $$ Then the probability distribution of the forward iterates from $\theta_0$ converge (in distribution) to a stationary probability measure $\mu_{\theta^*}$. Moreover, the random point $\theta^*$ is distributed according to the same forward iterate stationary distribution $\mu_{\theta^*}$.",0.0,1,0.5242235064506531
"\(\Xi_3 \subseteq [-1/2, 1]\).","Under Assumption \ref{ass2}(iii), (A3) holds true.",0.0,1,0.6194539666175842
"Remaining within assumptions \ref{a4}, let $\mathcal X = \R^n$, and $\Phi$ be the flow of the control-linear vector field \[f_t(\mathrm x) = \sum_{k=1}^m f^k(\mathrm x) \, u_k(t),\] where $f^k\colon \R^n \to \R^n$ are bounded and Lipschitz, and $u =(u_1, u_2, \ldots, u_m) \in L^\infty(I;U)$ with a compact $U \subset \R^m$.  Then, any function $\phi \in C^1(\R^n) \cap C_b(\R^n)$ with a bounded gradient belongs to $C^{1\text{-}\Phi}(\R^n)$.   This conjecture follows from the fact that operators $\mathfrak{L}_t$ act on elements $\phi \in \bm{\mathcal D}$ as the usual Lie derivatives, $\mathfrak{L}_t \phi = \sum u_k(t)\, \nabla \phi \cdot f^k $, which meet the condition \eqref{Ls} due to the obvious estimate: \[      \int_t^{t+h}\big\|[\mathfrak{L}_s- \mathfrak{L}_t]{\phi}\big\|_{\bm X} \d s \leq \|\nabla \phi\|_{\bm X}\,\max_{k}\|f^k\|_\infty \sum_k \int_t^{t+h}\big|u_k(s)- u_k(t)\big| \d s \] and Lebesgue's differentiation theorem.","Under Assumption \ref{Difference Bound Assumptions}, then for any policy $\hat{\theta}$ such that $\bigl|\ln \bigl(\tfrac{p^{\hat{\theta}}(x)}{p^{\theta_{\mathrm{pre}}}(x)}\bigr)\bigr|$ is bounded, and $\mathrm{KL}(p^{\theta} \,\|\, p^{\hat{\theta}})\leq 1$, there exists a constant $C > 0$ such that:  |V^{\hat{\theta}} & - L^{\theta}(\hat{\theta})|\leq \nonumber\\ &C \, \left(\mathbb{E}\int_{0}^{T} \operatorname{KL}(\pi^{\theta}(\cdot | t , X _ { t } ^ {\theta} )\|\pi^{\hat{\theta}}( \cdot | t , X _ { t } ^ {\theta} ))\mathrm{d}t\right)^{\frac{1}{2}}.",0.0,1,0.7205733060836792
"Let $\Phi:\mathcal{B}(\mathcal{H}_A)\to \mathcal{X}$ be a linear map onto an arbitrary operator space $\mathcal{X}$, with $d_A:=\dim(\mathcal{H}_A)<\infty$. Then, for any $p\ge 1$,     \sup_{d\in\mathbb{N}}\|\id_{d}\otimes \Phi\|_{\mathcal{S}_1(\mathbb{C}^d\otimes \mathcal{H}_A)\to \mathcal{S}_p[\mathbb{C}^d,\mathcal{X}]}=\|\id_{d_A}\otimes \Phi\|_{\mathcal{S}_1(\mathbb{C}^{d_A}\otimes \mathcal{H}_A)\to \mathcal{S}_p[\mathbb{C}^{d_A},\mathcal{X}]}        %     Let $\Phi:\mathcal{B}(\mathcal{H}_A)\to \mathcal{B}(\mathcal{H}_B)$ be a linear map, $d_A:=\dim(\mathcal{H}_A)<\infty$ and $\|\cdot\|_\#$ any norm on $\mathcal{B}(\mathbb{C}^d\otimes\mathcal{H}_B)$ that is unitarily invariant under unitaries that act only non-trivially on $\mathbb{C}^d$, then %  %     \sup_{d\in\mathbb{N}}\|\id_d\otimes \Phi\|_{1\to \#} = \|\id_{d_A}\otimes \Phi\|_{1\to \#}. %  %This holds in particular for $\#=(B_1:p_1,B_2:p_2,...,B_k:p_k)$ the canonical norm on $\mathcal{S}_{p_1}[\mathcal{H}_{B_1},\mathcal{S}_{p_2}[...\mathcal{S}_{p_k}(\mathcal{H}_{B_k})...]]$.","For any $\gamma>0$ such that $\mathscr{H}_{11, \gamma}^{-} \neq \emptyset$,  	\sup _{\bar{\omega}} \nu_{\bar{\omega}}^{2} \leq \inf \sup _{\omega} \bar{\boldsymbol{\sigma}}\left(P_{e}(i \omega)\right)<\gamma^{2}.",0.0,1,0.7682393789291382
"Given a $d$-polytope $P$, it is inscribable if and only if we can construct a matrix                      X =                  1 & \mymathbb{1}_n^\top & \mymathbb{1}_m^\top\\                 \mymathbb{1}_n & A & S\\                 \mymathbb{1}_m & S^\top & B              \succeq 0                  of rank $d+1$, with all diagonal elements of $A$ being the same constant, all elements of $S$ being nonnegative, and $S$ having the same support as a slack matrix of $P$.","If \((P,\le\) is a poset, and \(x,y,z \in P\), then \[ y < z \quad \implies \quad   \pi(z,x) \le \pi(y,x). \]",0.0,1,0.932198166847229
"For any $\beta\in\Omega$ and $g\in C(X)$, we can compute $\beta^g$ in time $O(|X|)$ from the word encoding $g$.","[\cite{BabaiSzemeredi1984}]   For $j>1$,   the cube $C(x_1,\ldots,x_j)$ is non-degenerate iff both   of the following hold:        \item The       cube $C(x_1,\ldots,x_{j-1})$ is non-degenerate.     \item The element $x_j$ satisfies       $x_j\not\in C(x_1,\ldots,x_{j-1})^{-1}C(x_1,\ldots,x_{j-1})$.",1.0,0,0.2867569923400879
"[Orthonormal basis of the tangent spaces]     Let $e_{ij}$ be the $d \times d$ matrix with a 1 at position $(i,j)$ and zeros everywhere else. Then               \item An orthonormal basis of $(T_{I_d} \P_d, \langle \cdot , \cdot \rangle_{I_d})$ is $(E_{I_d,ij})_{i\leq j}$ defined as follows:             \[             E_{I_d, ij} =              \frac{1}{\sqrt{2}} (e_{ij} + e_{ji}) & \text{for } i < j, \\             e_{ii} & \text{for } i = j.                          \]         \item An orthonormal basis of $(T_p \P_d, \langle \cdot , \cdot \rangle_p)$ is $(E_{p, ij})_{i\leq j}$ where $ E_{p, ij} = p^{1/2}E_{I_d, ij}p^{1/2}$.","%  % For any $f:X \to Y$ and $g:Y\to Z$ injective functions, $f \circ g$ is injective. %",0.0,1,0.5874233841896057
"[{\cite[Theorem 3.1]{DKL14}}] 	For $m\geq1$ and a prime $\normalfont\text{b}$, let $N= \normalfont\text{b}^m$ denote the number of HoQMC points. 	Let $s\geq1$ and $\boldsymbol{\beta} = \{\beta_j\}_{j\in \mathbb{N}}$ be a positive number sequence, and let-$\boldsymbol{\beta}_s = \{\beta_j\}_{j=1}^{s}$ denote the first $s$ terms. 	Assume that $\boldsymbol{\beta} \in \ell^p(\mathbb{N})$ for some $p\in(0,1)$. 	If there exists $c>0$ such that a function $F$ satisfies for $\alpha\coloneqq  \left\lfloor \frac{1}{p} \right\rfloor +1$ that 	 	\snorm{\left(\partial^{\boldsymbol{\nu}}_\y F\right)(\y)}  	\leq  	c\snorm{\boldsymbol{\nu}}! \boldsymbol{\beta}^{\boldsymbol\nu}_s,  	\quad 	\text{for all } 	\boldsymbol{\nu} \in \{0,1,\dots,\alpha\}^s,  	\quad  	s\in \mathbb{N}, 	 	then the interlaced polynomial lattice rule of order $\alpha$ with $N$ points can be constructed in  	 	\mathcal{O}\left(\alpha s N \log N + \alpha^2 s^2N\right) 	 	operations, such that for the quadrature error holds 	 	\snorm{\mathcal{I}^{(s)}(f) - \mathcal{Q}^{(N,s)}(f)}  	\leq  	C_{\alpha,\boldsymbol{\beta},b,p} N^{-1/p} 	 	where the constant $C_{\alpha,\beta,b,p}<\infty$ is independent of $s$ and $N$.","Let $\Y=[0,1]$. With probability at least $1-\delta$, uniformly on $T\geq1$ and on $y_0\in\Y$, we have      $$F(y_0)\in\left[\sup_{y_-\in[0,y_0]}\psi_{T,-}^{-1}\Big(y_-, \log\tfrac{2\sqrt T}{(y_0-y_-)\delta}\Big),\inf_{y_+\in[y_0,1]}\psi_{T,+}^{-1}\Big(y_+,\log\tfrac{2\sqrt T}{(y_+-y_0)\delta}\Big)\right]\,.$$",0.0,1,0.6603686809539795
"For $\varepsilon>0$ small enough and all $n\geq 1$, we define the (random) couple of  functions $\big(g_{p,n}^{(\varepsilon)}(t),d_{p,n}^{(\varepsilon)}(t)\big)_{t\geq 1/2}$ as: 	\vspace{-0.3cm} 	$${ll} 		\bullet \text{ the solution to \eqref{eq:syst_EDO} starting from } \displaystyle\left(\frac{G_{p,n}\left(\left\lfloor\frac{n}{2}+\varepsilon n\right\rfloor\right)}{n}, \frac{D_{p,n}\left(\left\lfloor\frac{n}{2}+\varepsilon n\right\rfloor\right)}{n}\right) & \text{on }I_n(\varepsilon)\\ 		\bullet ~\left(g_p\left(t+\varepsilon\right),d_p(t+\varepsilon)\right)_{t\geq 1/2} &\text{on } I_n(\varepsilon)^c. 	$$","[\cite{BabaiSzemeredi1984}]   For $j>1$,   the cube $C(x_1,\ldots,x_j)$ is non-degenerate iff both   of the following hold:        \item The       cube $C(x_1,\ldots,x_{j-1})$ is non-degenerate.     \item The element $x_j$ satisfies       $x_j\not\in C(x_1,\ldots,x_{j-1})^{-1}C(x_1,\ldots,x_{j-1})$.",0.0,1,0.8923949003219604
"[Time-adaptive protocol]          Let $\mathcal{M}^n$ be a family of protocols as defined in subsection~\ref{subsec:protocol_definition} and let $\rho^{\mathrm{hon}}_{Q_t} \in \cD(\cH_{Q_t})$ for $t \in \mathbb{N}$ be a family of quantum states such that $\{(\mathcal M_t,\mathcal N_t,\mathcal \tau_i,q^{\mathrm{hon}}_{X_t})|t\in \mathbb N\}$ is a finite set and $\rho^{\mathrm{hon}}_{Q_t}> 0$ for all $t\in \mathbb N$. Then there exists a family of functions $g_n : \mathbb{X}^n\to \mathbb{R}$ which, for all $n$, lead to an $\epsilon_n$-secure protocol, so that $\lim_{n\to \infty} \epsilon_n = 0$ and                \lim_{n\to \infty} \mathrm{rate}(\mathcal P_n, g_n,q^{\mathrm{hon}}_{X^n}) = \lim_{n \to \infty} \frac{1}{n} \sum_{t=1}^n h(\mathcal M_t,\mathcal N_t,\tau_t,q_{X_t}^{\mathrm{hon}})= r_{ad}\,.","\em      As a particular example of the alternating processes that satisfy the assumptions of \neprop{example}, we can consider a stationary alternating renewal process with exponential on- and off-times. This concretely means that $\xi_{N,x,i}$ has an exponential distribution with parameter $\lambda_{N, {\rm off}}$ if $x+i$ is even and with parameter $\lambda_{N, {\rm on}}$ if $x+i$ is odd, and $p_{N}(0) = \lambda_{N, {\rm off}} / (\lambda_{N, {\rm on}}+\lambda_{N, {\rm off}})$. In this case we have for any $t\in[0,T]$              p_N(t) = \frac{\lambda_{N, {\rm off}}}{\lambda_{N, {\rm on}}+\lambda_{N, {\rm off}}}.          When considering the specific parametrization $\lambda_{N, {\rm off}}= N^{-\alpha}\lambda_{{\rm off}}$ and $\lambda_{N, {\rm on}}\equiv \lambda_{{\rm on}}$ for some parameters $\lambda_{\rm on},\lambda_{\rm off},\alpha>0$, we obtain that the process {$a_N(\cdot)$} satisfies Assumption \ref{ass:ass1} and \ref{ass:ass2} with $\varrho_N = N^{-\alpha}$,               \kappa_{\star}(s,t) = \frac{\lambda_{\rm off}}{\lambda_{\rm on}}e^{-\lambda_{\rm on}\abs{s-t}},          and $p^{\star}(t) \equiv \lambda_{\rm off}/\lambda_{\rm on}$. \hfill$\clubsuit$",0.0,1,0.6750942468643188
"[\cite{BG16}]   Let \( 1 \leq p \leq 2 \). For every \( n \)-point set \( S \subset \ell_{p} \), and for every range parameter \( R > 1 \), there exists an \( R \)-range preserving embedding \( f : S \rightarrow \ell_{p}^{k} \) with distortion \( 1 + \epsilon \), such that $k = O\left(\frac{R^{O(1/\epsilon)} \cdot \log n}{\epsilon}\right)$.","Let $(\g,z)$ be a tame flow-critical canvas, and let $A\subseteq V(\g)\setminus \{z\}$ be a non-empty set of its vertices. If $\deg(X) \ge\deg(z)-1$ for every set $X$ such that $A\subseteq X\subsetneq V(\g)\setminus \{z\}$, then every tip preflow extends to a nowhere-zero flow in $(\g',z)=(\g / A,z)$.",0.0,1,0.5118582248687744
"Consecutive Schatten indices of the same value can be combined:   \|X\|_{(A_1:q_1,...,A_{m-1}:q_{m-1},A_{m}\,...\,A_{m+n}:p;\mathcal{X})} = \|X\|_{(A_1:q_1...,A_{m-1}:q_{m-1},A_{m}\cdots  A_{m+n}:p;\mathcal{X})},   This in particular implies that if all Schatten indices are equal, then the norm      \|X\|_{(A_1:p...\,A_k:p)}=\|X\|_p  reduces to the Schatten-$p$-norm of $X$.","The optimal solution to the problem \eqref{eq:optim} satisfies the power constraint with equality, i.e., $\tr{\mW_{\star}^{\her} \mW_{\star} } = P$, for any $\mW_\star$ that is a solution to \eqref{eq:optim}.",0.0,1,0.5721806287765503
"[Rigidity theorem in $\mathbb{R}^2$] 		If the scattering fields  constructed in Theorem \ref{futurescatteringfields MHD 2d} vanish on the  infinities, i.e.  		 			 				& z_+(\infty;u_-,x_2)\equiv 0\ \ \text{on} \ \ \mathcal{C}_+\text{ (the 2D version of the  $\mathcal{C}_+$ above)},\\ 				& z_-(\infty;u_+,x_2)\equiv 0\ \ \text{on} \ \ \mathcal{C}_-\text{ (the 2D version of the  $\mathcal{C}_-$ above)}, 			 			 	then the initial Alfv\'en waves vanish identically, i.e.  \[\big(z_{+,0}(x),z_{-,0}(x)\big)\equiv(0,0)\ \text{ for all }x\in\mathbb{R}^2,\] and hence 	the Alfv\'en waves  vanish identically, i.e.,  \[\big(z_+(t,x),z_-(t,x)\big)\equiv(0,0)\  \text{ for all }(t,x)\in \mathbb{R}\times \mathbb{R}^2.\]","Consider the MILP's constraint $Ax \le b, x \ge 0$ as follows: 		 			 			 				1/3x_1 +  x_2 - 2/3x_3\le& 1,  \\ 				2/3x_1 - 1/3 x_2 - 4/3 x_3 + x_4\le& 1,  \\ 				-1/3 x_2 + x_3\le& 1,  			 		 		where all rows are useful,  and $x_2$ and $x_3$ are bad variables. A vector $\lambda = (1,1,2)$ exists such that the corresponding aggregated inequality $x_1  + x_4\le 4$ eliminates all bad variables. However, the MW heuristic cannot find a projected inequality starting from any row. For example, starting from the first row \eqref{eq.example1},  assume that the MW heuristic chooses the second row \eqref{eq.example2} to eliminate $x_2$. In this case, the heuristic greedily select the factor $3$ for \eqref{eq.example2} and does not select any factor for \eqref{eq.example3}, then  we obtain the aggregated inequality $7/3x_1 -14/3 x_3 + 3x_4 \le 4$ using $\lambda=(1,3,0)$.",0.0,1,0.6687474250793457
"%  % Let $C\subset \mathbb R^d$ be closed convex set. Let $\delta>0$ and $x\in C'$ be such that $B(x,\delta)\subset C$, where $B(x,\delta)$ is the ball of radius $\delta$ centered at $x$. Let $f:C\to \mathbb R$ be a convex bounded function such that $a \leq f(x)\leq b$, for all $t\in C$. Let $f'_x:\mathbb R^d\mathcal \mathbb R$ be an affine function such that $f'_x(x) = f(x)$, and $f'_x(y)\leq f(y)$ for all $y\in C$. Then $||\grad f'_x||_2\leq \frac{a-b}{t}$. In particular the bound does not depend on $x$. %","[Rigidity theorem in $\mathbb{R}^2$] 		If the scattering fields  constructed in Theorem \ref{futurescatteringfields MHD 2d} vanish on the  infinities, i.e.  		 			 				& z_+(\infty;u_-,x_2)\equiv 0\ \ \text{on} \ \ \mathcal{C}_+\text{ (the 2D version of the  $\mathcal{C}_+$ above)},\\ 				& z_-(\infty;u_+,x_2)\equiv 0\ \ \text{on} \ \ \mathcal{C}_-\text{ (the 2D version of the  $\mathcal{C}_-$ above)}, 			 			 	then the initial Alfv\'en waves vanish identically, i.e.  \[\big(z_{+,0}(x),z_{-,0}(x)\big)\equiv(0,0)\ \text{ for all }x\in\mathbb{R}^2,\] and hence 	the Alfv\'en waves  vanish identically, i.e.,  \[\big(z_+(t,x),z_-(t,x)\big)\equiv(0,0)\  \text{ for all }(t,x)\in \mathbb{R}\times \mathbb{R}^2.\]",0.0,1,0.603983998298645
"[Lower Bound]  Asymptotically,       \inf_{\hat{T}_{\text{\normalshape priv}}} \sup_{P \in \mathcal{M}, T_0 \in \mathcal{T}_{\alpha}}    &\E\p{\int \| T_0 - \hat{T}_{\text{\normalshape priv}}  \|^2 dP} \\    &\gtrsim  \frac{1}{n} \vee n^{- \frac{2 \alpha}{2 \alpha - 2 + d}} \vee (n\epsilon)^{- \frac{2 \alpha}{\alpha - 1 + d}}       where the infimum is taken over all estimators $\hat{T}_{\text{\normalshape priv}}$'s that are $\epsilon$-DP.","Let $X$ be a complex Hilbert space equipped with the inner product $\dotp{\cdot}{\cdot}_X$ and induced norm $\norm{\cdot}_X$.     Let $\mathbb{U} \ni \y \mapsto f(\y) \in X$ be $(\boldsymbol{b},p,\varepsilon)$-holomorphic and continuous continuous map  	when $\mathbb{U}$ 	is equipped with the product topology. 	Then the map 	 	\mathbb{U} 	\ni 	\y 	\mapsto     \norm{     f(\y)     }^2_{X} 	\in 	\IR 	 	is $(\boldsymbol{b},p,\varepsilon)$-holomorphic 	and continuous with the same 	$\boldsymbol{b} \in \ell^p(\IN)$, $p \in (0,1)$, 	and $\varepsilon>0$.",0.0,1,0.6455582976341248
"[\cite{seneta1973non}, The Perron-Frobenius Theorem for irreducible matrices.]  Suppose \(A\) is an \(n \times n\) non-negative irreducible matrix. Then there exists an eigenvalue \(r\) such that:      \item \(r\) is real and \(r>0\);     \item with \(r\) there can be associated strictly positive left and right eigenvectors;     \item \(r \geqslant |\lambda| \) for any eigenvalue \(\lambda\) of \(A\).","Let $\mathcal{L}_1=\sum_{k\geq 0}c_kX^{-k-1}$ and $\mathcal{L}_2=\sum_{k\geq 0}(c_k\pmod 2)X^{-k-1}$ be formal Laurent series over $\QQ$, with $$c_{2k}=(-1)^kC_k \mbox{ and } c_{2k+1}=0.$$ The continued fraction expansions of $\mathcal{L}_1$ and $\mathcal{L}_2$ satisfy $$\mathcal{L}_1=[0;\overline{X}]\quad \mbox{ and } \quad \mathcal{L}_1=[0;{s_1 X},s_2X,s_3X,\ldots]$$ with $(s_i)_{i\geq 1}$ in $\{1,-1\}$ is a paperfolding sequence often denoted by $\mathcal{F}(1,-1,-1,-1,\ldots)$ (cf. e.g. \cite{Alletal} for this notation), that defines $(s_i)_{i\geq 1}=\lim_{i\to\infty}w_i$ via the recursion $w_1=s_1=(1)$, $w_{i+1}=w_i\cdot(-1)\cdot(-{w_i}^R)$ for $i\geq 1$. Here $\cdot$ denotes the concatenation of the finite sequences, $w^R$ denotes the finite sequence $w$ in reflected order, and the $-$ in front of a finite sequence changes the signs of the elements of the sequence.",0.0,1,0.6569039821624756
"\ {\rm (\cite{Casali-Cristofori gem-induced}, \cite{Casali-Cristofori trisection bis})} \   For each 5-colored graph $\Gamma \in G_s^{(4)}$ representing a compact $4$-manifold with empty (resp. connected boundary) $M$ and for  each cyclic permutation $\varepsilon= (\e_0,\e_1,\e_2,\e_3, \e_4=4)$ of $\Delta_4,$  a  triple $\mathcal  T(\Gamma, \varepsilon) =(H_{0},H_{1},H_{2})$ of submanifolds of $M$ is constructed, such that    \item [(a)]  $M = H_{0}\cup H_{1}\cup H_{2}$ and $H_{0}, H_{1}, H_{2}$ have pairwise disjoint interiors   \item [(b)]  $H_{1},H_{2}$ are $4$-dimensional handlebodies; $H_{0}$ is a $4$-disk \  (resp. is  homeomorphic to $\partial M \times [0,1]$) \item [(c)] $H_{01}=H_{0}\cap H_{1},$  $H_{02}=H_{0}\cap H_{2}$ are $3$-dimensional handlebodies  \item [(d)] $\Sigma = H_{0}\cap H_{1}\cap H_{2}$  is a closed connected surface.       Moreover, if $H_{12}=H_1\cap H_2$ is a 3-dimensional handlebody, too, then all the above handlebodies, as well as the surface $\Sigma$, are orientable or not according to the orientability of $M$; in the first case $\Sigma$ has genus $\rho_{\varepsilon}(\G_{\hat 4})$, while in the second one it has genus $2\rho_{\varepsilon}(\G_{\hat 4}).$","If $D \equiv 1 \bmod 4$, then neither of the spaces $\Szero{4D}{\chi_{4D}}^{\new}$ nor   $\Szero{2D}{\chi_{2D}}^{\new}$ contain any dihedral Maass forms.",0.0,1,0.7165882587432861
"If graph $\mathcal{G}$ is defined such that there exists at least one path from agent, then, $i\in \mathcal{V}_R$,  then,      dynamics \eqref{networkopiniondynamics} is stable.","Under Assumptions \ref{ass2}(i) and (ii), a controller $\bar{H}_{11}$ which solves the two-disk problem \eqref{eq31} exists if and only if there exists a solution to the two-disk problem \eqref{eq32}, \eqref{eq33} involving the plant  \tilde{\mathscr{P}} \sim\left[{c|cc} 	\tilde{A} & \tilde{B}_{1} & \tilde{B}_{2}  \\ 	\hline \tilde{C}_{1} & \tilde{D}_{11} & \tilde{D}_{12} \\ 	\tilde{C}_{2} & \tilde{D}_{21} & \tilde{D}_{22} \right]=\left[{c|cc} 	\tilde{A} & \tilde{B}_{1} & \tilde{B}_{2} \\ 	\hline \tilde{C}_{1} & 0 & \tilde{D}_{12} \\ 	\tilde{C}_{2} & I_{n} & 0 \right],  whose coefficients are given in \eqref{eq55}, the constant $\tilde{\gamma}=1$ and the matrices $V$, $W$ and $J$ defined as  	V & =\bar{\gamma} \bar{V}_{12} \bar{\boldsymbol{\Sigma}}_{12}^{-1}, \nonumber \\ 	W & =\bar{W}_{21} \bar{\boldsymbol{\Sigma}}_{21}^{-1}, \nonumber \\ 	J & =\bar{E}_{1}^{-1} D_{1, \lambda} D_{2, \lambda}^{\dagger}.   If a controller $\mathscr{C}$ solves the latter problem, then the corresponding solution of the problem \eqref{eq31} is given by  	\bar{H}_{11}(s)=\bar{\gamma} \bar{V}_{12} \bar{\boldsymbol{\Sigma}}_{12}^{-1} \mathscr{C}(s) \bar{\boldsymbol{\Sigma}}_{21}^{-1} \bar{W}_{21}^{\dagger}-\bar{E}_{1}^{-1} D_{1, \lambda} D_{2, \lambda}^{\dagger}.",0.0,1,0.8536754846572876
"\  Let $\Gamma\in G_s^{(4)}$ be a gem of a simply-connected compact $4$-manifold $M$ with connected boundary $\partial M$, satisfying condition (*) of Proposition \ref{CS gem-induced trisections}.   Then, for any cyclic permutation $\varepsilon$ of $\Delta_4$, a G-trisection diagram for $M$ is given by the following three system of curves $\{ \alpha, \beta, \gamma\}$ on $F_\e(\Gamma_{\hat 4})$:  \item[-] the $\alpha$ curves (resp. $\beta$ curves) consist of all $\{\e_0,\e_2\}$-colored cycles (resp. $\{\e_1,\e_3\}$-colored cycles) of $\Gamma$, but those corresponding to a maximal tree of the 1-dimensional subcomplex   $K_{\e_1 \e_3}$ (resp. $K_{\e_0 \e_2}$),  generated by the vertices labelled $\e_1$ and $\e_3$ (resp. $\e_0$ and $\e_2$) of $K(\Gamma).$     \item[-] the $\gamma$ curves are a subset of  $\{c,4\}$-colored cycles of $\Gamma$, with $c \in \Delta_3,$ which can be combinatorially identified by following - via condition (*) - the collapsing sequence for the 3-dimensional handlebody $H_{12}$ (according to the notations of Section \ref{sss Gem-induced trisections}).","Let $l$ be an oriented line intersecting $K_e$ at points $p_1$ and $p_2$,    satisfying (\ref{eq:i-c}).   Then    $$   \angle p_1 O p_2    > \arcsin    \frac{2 a b \sqrt{c_1 c_2}}{a^2(b^2+1)c_1 + (b^2+1)c_2}.   $$",0.0,1,0.6471826434135437
"%Let $n\in\NN$. We have $H_1^{(n,0)}=(U^{(n,0)})^TD^{(n,0)}U^{(n,0)}$ where $D=\diag(((-1)^k)_{k\geq 0})$ and $U=(u_{i,j})_{i,j\geq 0}$ with  %$$u_{i,j}=1_{2\NN_0(j-i)}(-1)^{(j-i)/2} \frac{(i+1)^{(j-i)}}{({i+2})^{(\frac{j-i}{2})}(\frac{j-i}{2})!}=1_{2\NN_0(j-i)}(-1)^{(j-i)/2} \frac{i+1}{j+1}\binom{j+1}{(j-i)/2}$$  %where $l^{(k)}$ with $l,k\in\NN$ denotes the rising factorial $l(l+1)\cdots(l+k-1)$.   %","Let $(C(\Sigma),d_{C},m_{C})$ be the metric measure cone over the metric measure space $(\Sigma,d_{\Sigma},m_{\Sigma})$, and $N \ge 2$. Then $(C(\Sigma),d_{C},m_{C})$ is an $RCD(0,N)$-space if and only if $(\Sigma,d_{\Sigma},m_{\Sigma})$ is an $RCD(N-2,N-1)$-space and $\mathrm{diam}(\Sigma) \le \pi$.",0.0,1,0.5312165021896362
"Given a tensor $\cX\in\RR^{n_1\times \dots\times n_d}$, the Tucker decomposition of $\cX$ is defined as \[ \cX\approx \cc{C}\times_1 A^{(1)}\times_2 A^{(2)}\dots \times_N A^{(d)}, \] where $\cc{C}\in\RR^{m_1\times \dots\times m_d}$ is the core tensor and $A^{(j)}\in\RR^{n_j\times m_j}$.","[\cite{BabaiSzemeredi1984}]   For $j>1$,   the cube $C(x_1,\ldots,x_j)$ is non-degenerate iff both   of the following hold:        \item The       cube $C(x_1,\ldots,x_{j-1})$ is non-degenerate.     \item The element $x_j$ satisfies       $x_j\not\in C(x_1,\ldots,x_{j-1})^{-1}C(x_1,\ldots,x_{j-1})$.",0.0,1,0.9335101842880249
"\em To get an impression of a typical application of Theorem \ref{main}, consider the case of $m=2$, with the subgraphs corresponding to wedges and triangles. Consider the edge processes defined in Example~\ref{ex:process} with $\alpha\in(0,1)$. Then one can check that both wedge graph (denoted by ${H}_1$) and triangle graph (denoted by ${H}_2$) satisfy \eqref{graph_assumption}, and      &\mathcal{F}_N({H}_1) = N^{2\alpha - 3},\qquad \mathcal{F}_N({H}_2) = N^{3\alpha - 3},\\     &\mathcal{F}^{\rm opt}_N({H}_1) = N^{\alpha - 2},\qquad \mathcal{F}^{\rm opt}_N({H}_2) = N^{\max(\alpha - 2, 3\alpha - 3)}.  {The next step is to describe the sets ${\tt OCS(H_1)}$ and ${\tt OCS(H_2)}$. The first one is easy to find: ${\tt OCS(H_1)} = \{g_1\}$, where $g_1$ is an edge. However, for the second one we need to distinguish three cases:}      \item[$\circ$]{If $\alpha\in(0,1/2)$ then ${\tt OCS}({H}_2) = \{g_1\}$},     \item[$\circ$]{If $\alpha=1/2$ then ${\tt OCS}({H}_2) = \{g_1,g_2\}$},     \item[$\circ$]{If $\alpha\in(1/2,1)$ then ${\tt OCS}({H}_2) = \{g_2\}$},  where $g_2$ is a triangle. It is readily verified  that      \mathcal{A}({H}_1) = 2,\qquad \mathcal{A}({H}_2) = 6,\qquad \mathcal{A}(g_1) = 2,\qquad \mathcal{A}(g_2) = 6,\\     \mathcal{S}({H}_1,g_1) = 2,\qquad \mathcal{S}({H}_2,g_1) = 3,\qquad \mathcal{S}({H}_2,g_2) = 1.  Applying \netheo{main} we obtain that, as $N\to\infty$,      \left(\frac{X_{N,1}(t) - \E{X_{N,1}(t)}}{N^{ 2 - 3\alpha/2}} , \frac{X_{N,2}(t) - \E{X_{N,2}(t)}}{N^{\max(2-5\alpha/2,\, 3/2 - 3\alpha/2)}}\right)^{\top}\to (X_1(t),X_2(t))^{\top},  where      X_1(t) &= \frac{2\sqrt{2}}{2}\frac{\lambda_{\rm off}}{\lambda_{\rm on}}X_1^{\star}(t),\\     X_2(t) &= \mathbb{I}\{\alpha\leqslant 1/2\}\frac{3\sqrt{2}}{6}\left(\frac{\lambda_{\rm off}}{\lambda_{\rm on}}\right)^2X_1^{\star}(t) + \mathbb{I}\{\alpha\geqslant 1/2\}\frac{\sqrt{6}}{6}X^{\star}_2(t);  the coefficients in these expressions can be simplified in the obvious manner, and $X_1^{\star}(\cdot)$ and $X_2^{\star}(\cdot)$ are two independent centered Gaussian processes, characterized via the covariance functions      \operatorname{Cov}(X_1^{\star}(s),X_{1}^{\star}(t)) &= \frac{\lambda_{\rm off}}{\lambda_{\rm on}}e^{-\lambda_{\rm on}\abs{s-t}},\\     \operatorname{Cov}(X_2^{\star}(s),X_{2}^{\star}(t)) &= \left(\frac{\lambda_{\rm off}}{\lambda_{\rm on}}\right)^{3}e^{-3\lambda_{\rm on}\abs{s-t}},  respectively. In particular, for $\alpha<1/2$ we have that processes {$X_1(\cdot)$} and {$X_2(\cdot)$} are perfectly correlated, whereas for $\alpha>1/2$ they are independent. {In case $\alpha=1/2$, the processes {$X_1(\cdot)$} and {$X_2(\cdot)$} are positively but not perfectly correlated.} \hfill$\clubsuit$","For the active reaction intensity $\mathbf{I}_{\mathrm{R}}^h$ out of the host medium, it holds %   \int_{S_h}\mathrm{Re}\left[\hat{\mathbf{r}}\cdot\mathbf{I}_{\mathrm{R}}^h(\mathbf{r})\right]\mathrm{d}s(\mathbf{r})=\frac{4\pi\lvert A\rvert^2}{\zeta_h}-2\omega\mathrm{Im}\left[\frac{\beta_h}{\rho_h}\right]\int_{V_h}\mathcal{K}_{\mathrm{R}}^h(\mathbf{r})\mathrm{d}v(\mathbf{r}).  %",0.0,1,0.5075027346611023
"The ratio $R_\mathrm{c}$ of the cluster interaction SCS to the overall SCS and the minimum single-scatterer SCS, $\mathrm{R}_{\mathrm{min}}$, satisfy %              R_\mathrm{c}\leq\min\left\{\frac{N-1}{N},1-N\mathrm{R}_{\mathrm{min}}\right\}.      %","[Generalized variational expressions] Let $\mathcal{X}$ be an operator space. Then for $1\leq p\leq q\leq \infty$ and $\frac{1}{r}=\frac{1}{p}-\frac{1}{q}$, the following variational formulas hold for any $X\in \mathcal{S}_p[\mathcal{H},\mathcal{X}],\mathcal{S}_q[\mathcal{H},\mathcal{X}]$ respectively:  \operatorname{(i)}\qquad&\|X\|_{\mathcal{S}_p[\mathcal{H},\mathcal{X}]}=\inf_{\substack{X=FYG\\F,G\in \mathcal{S}_{2r}(\mathcal{H}), Y\in\mathcal{S}_q[\mathcal{H}, \mathcal{X}] }} \|F\|_{2r} \|Y\|_{\mathcal{S}_q[\cH,\mathcal{X}]}\|G\|_{2r}\\ \operatorname{(ii)}\qquad &\|X\|_{\mathcal{S}_q[\mathcal{H},\mathcal{X}]} = \sup_{F,G\in \mathcal{S}_{2r}(\mathcal{H})}\|F\|_{2r}^{-1}\|FXG\|_{\mathcal{S}_p[\mathcal{H},\mathcal{X}]}\|G\|_{2r}^{-1}\,.",0.0,1,0.7257128357887268
"Under Assumption \ref{Difference Bound Assumptions}, then for any policy $\hat{\theta}$ such that $\bigl|\ln \bigl(\tfrac{p^{\hat{\theta}}(x)}{p^{\theta_{\mathrm{pre}}}(x)}\bigr)\bigr|$ is bounded, and $\mathrm{KL}(p^{\theta} \,\|\, p^{\hat{\theta}})\leq 1$, there exists a constant $C > 0$ such that:  |V^{\hat{\theta}} & - L^{\theta}(\hat{\theta})|\leq \nonumber\\ &C \, \left(\mathbb{E}\int_{0}^{T} \operatorname{KL}(\pi^{\theta}(\cdot | t , X _ { t } ^ {\theta} )\|\pi^{\hat{\theta}}( \cdot | t , X _ { t } ^ {\theta} ))\mathrm{d}t\right)^{\frac{1}{2}}.","% If $f$ is injective mapping a set $X$ to another set $Y$,  % the cardinality of $Y$ is at least as large as that of $X$ %",0.0,1,0.5616569519042969
"We first study the asymptotic behavior of the positive solution to $P(t)=0$ in \eqref{cubicpoly}.  The positive solution $t_0>0$ to   - k  - \frac{3}{2} t^{-1} + \lambda^2 t^{-2} - \frac{2\beta v D}{x_{c_3} + \beta v D t} = 0  satisfies     t_0 =  k^{-\frac{1}{2}}\lambda - \frac{7}{4}k^{-1} + \frac{\sqrt{k}}{\sqrt{k}+\beta\sqrt{vD}}k^{-1}  + O\left(\lambda^{-1}\right) \quad \mbox{as} \quad \lambda \gg 1.     Define $\tilde{t}>0$ as the positive solution to $$ -k  - \frac{3}{2} t^{-1} + \lambda^2 t^{-2} =0. $$ Then we obtain   \tilde{t} = \frac{1}{2k} \left( \left[ 4k\lambda^2 + \left(\frac{3}{2}\right)^2 \right]^\frac{1}{2} - \frac{3}{2}  \right)  = k^{-\frac{1}{2}}\lambda - \frac{3}{4}k^{-1} + O\left( \lambda^{-1} \right)    as $\lambda \gg 1$. Set $t_0 := \tilde{t} + \varepsilon$ with $\varepsilon = o(\lambda)$ as $\lambda \gg 1$. By \eqref{betazeroeq}, we obtain   P(t_0) &= - k  - \frac{3}{2} \left(\tilde{t} + \varepsilon\right)^{-1} + \lambda^2 \left(\tilde{t} + \varepsilon\right)^{-2}  - 2\beta v D  \left( x_{c_3} + \beta v D [\tilde{t} + \varepsilon]\right)^{-1} \\  &=  -2\beta v D \left( x_{c_3} + \beta v D \tilde{t} \right)^{-1}  + \left[ -2 \lambda^2 \tilde{t}^{-3} + \frac{3}{2}\tilde{t}^{-2} + 2(\beta v D)^2  \left( x_{c_3} + \beta v D \tilde{t} \right)^{-2}\right]\varepsilon +  O\left( \lambda^{-2}\varepsilon^2 \right) \\   &= 0.   This together with  \eqref{defk} and \eqref{betazeroasymp} implies that   \varepsilon &= \frac{2\beta v D}{ x_{c_3} + \beta v D \tilde{t}} \times \frac{1}{-2 \lambda^2 \tilde{t}^{-3} + \frac{3}{2}\tilde{t}^{-2} + 2(\beta v D)^2  \left( x_{c_3} + \beta v D \tilde{t} \right)^{-2}} + \cdots \\  &= -\frac{\beta v D}{ x_{c_3} + \beta v D \tilde{t}} \times \frac{\tilde{t}^3}{\lambda^2} +  O\left( \lambda^{-1} \right) \quad \mbox{as} \quad \lambda \gg 1.   Note that $x_{c_3} \sim \sqrt{vD} \lambda$.  By \eqref{betazeroasymp}, the dominant part of $\varepsilon$ is    -\frac{\beta v D}{ x_{c_3} + \beta v D \tilde{t}} \times \frac{\tilde{t}^3}{\lambda^2}  &= -\frac{\beta v D}{ \sqrt{vD} + \beta v D k^{-\frac{1}{2}}} k^{-\frac{3}{2}} +  O\left( \lambda^{-1} \right)\\ &= -\frac{\beta\sqrt{vD}}{\sqrt{k} + \beta\sqrt{vD}}k^{-1}  +  O\left( \lambda^{-1} \right) \quad \mbox{as} \quad \lambda \gg 1.   Then we obtain the asymptotic expansion    t_0 &= \tilde{t} + \varepsilon  =  k^{-\frac{1}{2}}\lambda - \frac{3}{4}k^{-1} - \frac{\beta\sqrt{vD}}{\sqrt{k} + \beta\sqrt{vD}}k^{-1} +  O\left( \lambda^{-1} \right) \\ &=  k^{-\frac{1}{2}}\lambda - \frac{7}{4}k^{-1} + \frac{\sqrt{k}}{\sqrt{k}+\beta\sqrt{vD}}k^{-1}  +  O\left( \lambda^{-1} \right) \quad \mbox{as} \quad \lambda \gg 1,   and the proof of Proposition \ref{ellzero} is complete.","[\textbf{Main Theorem}]     If Assumptions \ref{asp:g1} and \ref{asp:g2} are satisfied, equation \eqref{eq:g1}~(and equation \eqref{eqg:2}) has a unique classical solution in function class $\Gamma'$, and this solution is in function class $\Gamma''$. If Assumptions \ref{asp:g1}, \ref{asp:g2} and \ref{asp:g3} are satisfied, equation \eqref{eq:g1}~(and equation \eqref{eqg:2}) has a unique week solution, and this weak solution is in function class $\Gamma$.",0.0,1,0.5672836899757385
"Fix $\ell_1,\ell_2 \in \mathbb N$. For $n\geq \ell_1+\ell_2$,  consider $\mathrm t_1,\mathrm t_2$ two trees with vertices in $\{1,\ldots,n\}$ and no common vertices, with respective sizes $\ell_1,\ell_2$. Then for every stopping time $T>0$,  && \mathbb P\left(\mathrm t_1,\mathrm t_2 \text{ connect during the process to give a tree of size }\ell_1+\ell_2 \; | \; \mathrm t_1,\mathrm t_2 \text{ are c.c. of } \mathcal {F}_{p,n}(T)\right) \\ &\leq& \frac{\ell_1\ell_2}{p(n-1)}.","[Satz II.9 in \cite{HofmeisterThesis}] 	Let $G$ be a simple, non-regular graph with maximum weighted degree $d_{\max}$. It holds that $q=\infty$ if and only if $G$ is disconnected and one component of $G$ is a clique of weighted size $d_{\max}+1$.",0.0,1,0.5838770270347595
The optimization problems \eqref{eq:D1} and \eqref{eq:D1equiv} are equivalent.,"If the matrix pair \eqref{eq61} is detectable, then $(\tilde{A}, \tilde{B}_{2})$ is stabilizable.",0.0,1,0.5975976586341858
"%    Assume influencers of every $i\in \mathcal{V}_R$, defined by $\mathcal{N}_i$, are assigned such that  %     %         \left(\bigwedge_{l\in \mathcal{M}}\bigwedge_{i\in \mathcal{V}_{l}}\left(\mathcal{N}_i\subset \mathcal{W}_{l}\right)\right). %      %    Then, matrix  $\bar{\mathbf{A}}\in \mathbb{R}^{N_R\times N_R}$ is reducible and obtained by %      %         \bar{\mathbf{A}}= %             \bar{\mathbf{A}}_{11}&\cdots&\mathbf{0}\\ %             \vdots&\ddots&\vdots\\ %             \bar{\mathbf{A}}_{M1}&\cdots&\bar{\mathbf{A}}_{MM}\\ %          %         . %      %","[Generalized variational expressions] Let $\mathcal{X}$ be an operator space. Then for $1\leq p\leq q\leq \infty$ and $\frac{1}{r}=\frac{1}{p}-\frac{1}{q}$, the following variational formulas hold for any $X\in \mathcal{S}_p[\mathcal{H},\mathcal{X}],\mathcal{S}_q[\mathcal{H},\mathcal{X}]$ respectively:  \operatorname{(i)}\qquad&\|X\|_{\mathcal{S}_p[\mathcal{H},\mathcal{X}]}=\inf_{\substack{X=FYG\\F,G\in \mathcal{S}_{2r}(\mathcal{H}), Y\in\mathcal{S}_q[\mathcal{H}, \mathcal{X}] }} \|F\|_{2r} \|Y\|_{\mathcal{S}_q[\cH,\mathcal{X}]}\|G\|_{2r}\\ \operatorname{(ii)}\qquad &\|X\|_{\mathcal{S}_q[\mathcal{H},\mathcal{X}]} = \sup_{F,G\in \mathcal{S}_{2r}(\mathcal{H})}\|F\|_{2r}^{-1}\|FXG\|_{\mathcal{S}_p[\mathcal{H},\mathcal{X}]}\|G\|_{2r}^{-1}\,.",0.0,1,0.6542553305625916
"Let $k$ and $r$ be non-negative integers.  If $(\g,z,x,\psi)$ is a minimal $(k,r)$-counter\-example, then either $\tau(v)>0$ for every $v\in V(\g)\setminus\{x,z\}$ and $\psi$ directs all edges not incident with $x$ away from $z$, or $\tau(v)<0$ for every $v\in V(\g)\setminus\{x,z\}$ and $\psi$ directs all edges not incident with $x$ towards $z$.","[\cite{BG16}]   Let \( 1 \leq p \leq 2 \). For every \( n \)-point set \( S \subset \ell_{p} \), and for every range parameter \( R > 1 \), there exists an \( R \)-range preserving embedding \( f : S \rightarrow \ell_{p}^{k} \) with distortion \( 1 + \epsilon \), such that $k = O\left(\frac{R^{O(1/\epsilon)} \cdot \log n}{\epsilon}\right)$.",0.0,1,0.528130054473877
"For each $x\in X$, it holds that 			 				\mc{K}(x) = \bigcup\limits_{J\in \mc{P}}\mathcal{K}_{J}(x).","If \((P,\le)\) is a finite  anti-chain, then the quotient poset \((\Pqu, \pqurel)\) is equal to \((\Ppairs, \transerel)\) and thus an antichain.  If \(P\) is a finite chain, then \((\Pqu, \pqurel)\) is a two-element chain.  For other finite \(P\), \((\Pqu, \pqurel)\) has a unique minimal element \(\hat{0}\) and a unique maximal element \(\hat{1}\), and some other elements in between.",0.0,1,0.6682571172714233
"For all $t<1/2$, $G_{p,n}(\lfloor nt\rfloor)=O_{\mathbb P}(1)$.","Define the ``path with double fork"" graph $A_N$ on $N+4$ nodes, consisting of a path graph $G$ on $N$ nodes, with two nodes connected to the end of the path and another two nodes attached to the other end of the path. We find that $q \approx 2.36864$, independent of $N$.",0.0,1,0.5199040770530701
"For the \textbf{wheel graph} $W_N$ on $N$ nodes, the SDE $q = 2 + o(1)$ for $N\to\infty$.","As $n\to \infty$, uniformly over $m\in \big[0,H_{D_{\varepsilon,A}}\big)$, one has 		$$\left\vert\mathbb{E}\left[\Delta \tilde{G}^{(\varepsilon)}_{p,n}(m) | {\mathbf{F}}^{(\varepsilon)}_{p,n}(m)  \right] - 		F_{\varepsilon}\left(\frac{m}{n},\frac{\tilde{G}^{(\varepsilon)}_{p,n}(m)}{n},\frac{\tilde{D}^{(\varepsilon)}_{p,n}(m)}{n}\right)\right\vert\leq \lambda(n)$$  		for a deterministic function $\lambda(n){=}o(1)$.",0.0,1,0.6875234842300415
"If \(P=C_{n}\) is a chain with \(n\) elements, which w.l.o.g. may be taken to be \(\{1,\dots,n\}\), with the natural order, then the elements of \((\Ppairs, \transerel)\) are \(\{(i,j) \mid i \neq j\}\), and the resulting poset is ranked with rank function  r((i,j)) =    n - i + j  & i > j \\   n - i + j - 1 & i < j   The cover relations are  \item \((i,j) \lessdot (i,j+1)\) and \((i,j) \lessdot (i-1,j)\), when \(i > j\), \(r((i,j)) < n - 1\), \item \((i,j) \lessdot (i,j+2)\), if \(j+2 \le n\), and \((i,j) \lessdot (i-2,j)\), if \(i-2 \ge 1\), when \(i > j\), \(r((i,j)) < n - 1\), \item \((i,j) \lessdot (i,j+1)\), if \(j+1 \le n\), and \((i,j) \lessdot (i-1,j)\), if \(i \ge 1\), when \(i < j\).","When $p_0, p_1 \geq \frac{1}{2}$, the optimal policy choices at the two states are:              \item $b \in [0, b_l) $                                        a_0 = p_0, ~ a_1 = \eta_1^{-}(b), &\mbox{if}~ |\frac{1}{2} - p_1 | \geq |\frac{1}{2} - p_0 |\\                 a_0 = \eta_0^{-}(b), ~ a_1 = p_1, &\mbox{if} ~ |\frac{1}{2} - p_1 | < |\frac{1}{2} - p_0 |                                \item $b \in [b_l, b_h)$                       & a_0 = a_1 = -M(\frac{b}{2} - \mathbf{d}_{0}^\gamma p_0 - \mathbf{d}_{1}^\gamma p_1 )                   \item $b \in [b_h, \infty)$                       & a_0 = a_1 = \frac{1}{2}                   where we defined                           b_l & = 2\max\{(1 -\gamma p_0 - \mathbf{d}^{\gamma}_0 )(p_1 - p_0), \notag\\             &\qquad\qquad\qquad (\mathbf{d}^{\gamma}_0 +\gamma p_1)(p_0 - p_1)\}\\ 		b_h & = (2\mathbf{d}^{\gamma}_0 +\gamma)(p_0 - p_1)+2p_1-1\\         M & = \frac{1}{1-\gamma p_0 + \gamma p_1}.",0.0,1,0.6533294320106506
"[Matrix Representation of a Bottleneck Block in ResNet-50] 			The output $ y \in \mathbb{R}^n $ of a bottleneck block in ResNet-50, as illustrated in Figure~\ref{fig:Residual_Block_of_ResNet50}, can be expressed as: 			 			 				y = \sigma \left( V_3 \cdot \tilde{\sigma}_2 \left( V_2 \cdot \tilde{\sigma}_1 \left( V_1 \cdot f \right) \right) \right), 			 			 			where $f \in \mathbb{R}^n$ is the input, and the matrices $V_1$, $V_2$, and $V_3$ are defined as follows: 			 				V_1 =  W_1 \\ I  \in \mathbb{R}^{(d_1 + n) \times n}, \quad 				V_2 =  				 					W_2 & 0 \\ 					0 & I 				 \in \mathbb{R}^{(d_2 + n) \times (d_1 + n)}, \quad 				V_3 =  W_3 & W_s  \in \mathbb{R}^{m \times (d_2 + n)}. 			 			 			Here: $W_1 \in \mathbb{R}^{d_1 \times n}$, $W_2 \in \mathbb{R}^{d_2 \times d_1}$, and $W_3 \in \mathbb{R}^{m \times d_2}$ are the weight matrices of the three convolutional layers in the bottleneck block, $W_s$ is the weight matrix associated with the shortcut, $I \in \mathbb{R}^{n \times n}$ is the identity, and $0$ denotes zero matrices of appropriate dimensions. 			 			The functions $\tilde{\sigma}_1$ and $\tilde{\sigma}_2$ apply the non-linearity $\sigma$ only to specific components, leaving the shortcut components unchanged.","The transitive closure \(\transterel\) of the relation \(\terel\) is the restriction of \(\transerel\) to \(\twoanti{P}\); thus \((\twoanti{P}, \transterel)\) is the induced subposet of \((\Ppairs, \transerel)\). Furthermore, when \(P\) is neither a chain nor an antichain, \((\twoanti{P},  \transterel)\) is isomorphic to \((\Pqu,\pqurel)\) with the top and bottom elements removed.",0.0,1,0.6206120848655701
"Let $L$ be an arbitrary positive integer,   and let $G\leq\Sym(\Omega)$ be a   transitive group given by   a set $S$ of generators.   Let $\mu=\min(L\log n,\log|G|)$.   In time $O(n\mu^2\log n+n|S|\mu)$   we can do one of the following:      \item Establish that $G$ is primitive.   \item Establish that $G$ is imprimitive, finding a     block system for $G$.   \item Compute a nonredundant partial base  $\beta_1,\ldots,\beta_{L+1}$ of size $L+1$,     together with, for each $i=1,\ldots,L+1$, some $g_i\in G^{[i]}\setminus G^{[i+1]}$.","If $\mathcal{M}\cap G_J$ is convex (or more generally - contractible) $\forall G_J$, then $H_k(\Phi(\mathcal{M})) \simeq H_k(\mathcal{M},\mathcal{O}_\Phi)$.",0.0,1,0.8941553235054016
"%Let be given $\lambda>0$ and $y\in H_1$.  Choose $\mu$ such that $\frac{\lambda}{\mu}\in (0,2/\Vert C\Vert^2)$ and the sequence $(\alpha_k)\subset (0,1)$ satisfying $\sum_{k=1}^\infty \alpha_k(1-\alpha_k)=\infty$. We construct the sequence $(u_k)$ as follows %$$ %\bold{Algorithm \;1:} \;\;\;\;\; u_0\in H, \;\;u_{k+1}=(1-\alpha_k)u_k+\alpha_k\mathcal{N}(u_k),\;\;\; k=0, 1,2\ldots. %$$ %Then ($u_k$) converges weakly to a fixed point $u$ of $\mathcal{N}$ and  $J_{\lambda C^T\mathcal{M}C}y=y-\lambda C^T u$.\\ % In addition, if $\inf \alpha_k >0$ then the sequence $(x_k)$ defined by $x_k:=y-\lambda C^T u_k$ converges strongly to  $J_{\lambda C^T\mathcal{M}C}y$. %","\em To get an impression of a typical application of Theorem \ref{main}, consider the case of $m=2$, with the subgraphs corresponding to wedges and triangles. Consider the edge processes defined in Example~\ref{ex:process} with $\alpha\in(0,1)$. Then one can check that both wedge graph (denoted by ${H}_1$) and triangle graph (denoted by ${H}_2$) satisfy \eqref{graph_assumption}, and      &\mathcal{F}_N({H}_1) = N^{2\alpha - 3},\qquad \mathcal{F}_N({H}_2) = N^{3\alpha - 3},\\     &\mathcal{F}^{\rm opt}_N({H}_1) = N^{\alpha - 2},\qquad \mathcal{F}^{\rm opt}_N({H}_2) = N^{\max(\alpha - 2, 3\alpha - 3)}.  {The next step is to describe the sets ${\tt OCS(H_1)}$ and ${\tt OCS(H_2)}$. The first one is easy to find: ${\tt OCS(H_1)} = \{g_1\}$, where $g_1$ is an edge. However, for the second one we need to distinguish three cases:}      \item[$\circ$]{If $\alpha\in(0,1/2)$ then ${\tt OCS}({H}_2) = \{g_1\}$},     \item[$\circ$]{If $\alpha=1/2$ then ${\tt OCS}({H}_2) = \{g_1,g_2\}$},     \item[$\circ$]{If $\alpha\in(1/2,1)$ then ${\tt OCS}({H}_2) = \{g_2\}$},  where $g_2$ is a triangle. It is readily verified  that      \mathcal{A}({H}_1) = 2,\qquad \mathcal{A}({H}_2) = 6,\qquad \mathcal{A}(g_1) = 2,\qquad \mathcal{A}(g_2) = 6,\\     \mathcal{S}({H}_1,g_1) = 2,\qquad \mathcal{S}({H}_2,g_1) = 3,\qquad \mathcal{S}({H}_2,g_2) = 1.  Applying \netheo{main} we obtain that, as $N\to\infty$,      \left(\frac{X_{N,1}(t) - \E{X_{N,1}(t)}}{N^{ 2 - 3\alpha/2}} , \frac{X_{N,2}(t) - \E{X_{N,2}(t)}}{N^{\max(2-5\alpha/2,\, 3/2 - 3\alpha/2)}}\right)^{\top}\to (X_1(t),X_2(t))^{\top},  where      X_1(t) &= \frac{2\sqrt{2}}{2}\frac{\lambda_{\rm off}}{\lambda_{\rm on}}X_1^{\star}(t),\\     X_2(t) &= \mathbb{I}\{\alpha\leqslant 1/2\}\frac{3\sqrt{2}}{6}\left(\frac{\lambda_{\rm off}}{\lambda_{\rm on}}\right)^2X_1^{\star}(t) + \mathbb{I}\{\alpha\geqslant 1/2\}\frac{\sqrt{6}}{6}X^{\star}_2(t);  the coefficients in these expressions can be simplified in the obvious manner, and $X_1^{\star}(\cdot)$ and $X_2^{\star}(\cdot)$ are two independent centered Gaussian processes, characterized via the covariance functions      \operatorname{Cov}(X_1^{\star}(s),X_{1}^{\star}(t)) &= \frac{\lambda_{\rm off}}{\lambda_{\rm on}}e^{-\lambda_{\rm on}\abs{s-t}},\\     \operatorname{Cov}(X_2^{\star}(s),X_{2}^{\star}(t)) &= \left(\frac{\lambda_{\rm off}}{\lambda_{\rm on}}\right)^{3}e^{-3\lambda_{\rm on}\abs{s-t}},  respectively. In particular, for $\alpha<1/2$ we have that processes {$X_1(\cdot)$} and {$X_2(\cdot)$} are perfectly correlated, whereas for $\alpha>1/2$ they are independent. {In case $\alpha=1/2$, the processes {$X_1(\cdot)$} and {$X_2(\cdot)$} are positively but not perfectly correlated.} \hfill$\clubsuit$",0.0,1,0.6631187200546265
"Remaining within assumptions \ref{a4}, let $\mathcal X = \R^n$, and $\Phi$ be the flow of the control-linear vector field \[f_t(\mathrm x) = \sum_{k=1}^m f^k(\mathrm x) \, u_k(t),\] where $f^k\colon \R^n \to \R^n$ are bounded and Lipschitz, and $u =(u_1, u_2, \ldots, u_m) \in L^\infty(I;U)$ with a compact $U \subset \R^m$.  Then, any function $\phi \in C^1(\R^n) \cap C_b(\R^n)$ with a bounded gradient belongs to $C^{1\text{-}\Phi}(\R^n)$.   This conjecture follows from the fact that operators $\mathfrak{L}_t$ act on elements $\phi \in \bm{\mathcal D}$ as the usual Lie derivatives, $\mathfrak{L}_t \phi = \sum u_k(t)\, \nabla \phi \cdot f^k $, which meet the condition \eqref{Ls} due to the obvious estimate: \[      \int_t^{t+h}\big\|[\mathfrak{L}_s- \mathfrak{L}_t]{\phi}\big\|_{\bm X} \d s \leq \|\nabla \phi\|_{\bm X}\,\max_{k}\|f^k\|_\infty \sum_k \int_t^{t+h}\big|u_k(s)- u_k(t)\big| \d s \] and Lebesgue's differentiation theorem.","Let $S_1$ and $S_2$ be non-negative initial conditions, and $u_k \in U$. Then, $(0, \Bar{S_2}(t))$ is the unique positive $\tau$-periodic, $S_1$-free solution of system \eqref{eq:equation_1}-\eqref{eq:equation_2}.",0.0,1,0.5274592638015747
